Customer ID,Invoice Total,Invoice applied amount,Invoice exchange rate,Payment Total,Payment applied amount,Payment exchange rate,Credit Total,Credit applied amount,Credit exchange rate,Adjustment Total,Adjustment applied amount,Adjustment exchange rate,Customer Balance
CUST_0001,4299.15,896.09,1.0,569.43,40.71,1.0,275.24,6.69,1.0,194.34,150.52,1.0,2649.61
CUST_0002,1298.92,607.18,1.0,1066.88,70.22,1.0,389.7,217.51,1.0,58.6,23.13,1.0,-441.64
CUST_0003,3422.97,484.55,1.0,269.2,80.45,1.0,443.75,64.58,1.0,6.75,1.61,1.0,2375.64
CUST_0004,3001.64,265.74,1.0,552.22,162.93,1.0,258.67,198.85,1.0,133.86,85.5,1.0,2335.15
CUST_0005,4161.97,562.72,1.0,537.02,199.89,1.0,61.11,14.0,1.0,74.49,16.92,1.0,3272.58
CUST_0006,2542.95,101.03,1.0,1150.28,460.46,1.0,152.31,32.5,1.0,169.72,140.83,1.0,1661.18
CUST_0007,3822.84,399.8,1.0,405.4,14.14,1.0,52.28,19.49,1.0,103.75,43.26,1.0,3059.48
CUST_0008,4031.79,864.32,1.0,1672.38,614.88,1.0,154.05,142.06,1.0,56.72,8.35,1.0,2146.35
CUST_0009,1315.94,102.46,1.0,1921.63,279.11,1.0,380.08,56.19,1.0,193.07,187.71,1.0,-747.57
CUST_0010,2973.75,1014.24,1.0,1165.64,149.27,1.0,465.21,246.89,1.0,108.73,94.1,1.0,739.45
CUST_0011,3754.19,1134.09,1.0,354.88,152.76,1.0,186.26,105.27,1.0,98.63,73.26,1.0,2362.36
CUST_0012,2976.98,1125.75,1.0,1816.35,876.2,1.0,279.23,196.79,1.0,69.41,60.82,1.0,837.23
CUST_0013,3677.42,1023.58,1.0,1514.22,69.92,1.0,202.05,53.61,1.0,183.89,147.78,1.0,1097.21
CUST_0014,4813.34,753.85,1.0,779.01,233.9,1.0,479.24,17.5,1.0,57.63,4.45,1.0,3105.82
CUST_0015,2014.53,797.71,1.0,582.48,289.6,1.0,120.94,22.4,1.0,34.77,15.44,1.0,844.73
CUST_0016,1888.22,251.78,1.0,1856.62,869.44,1.0,494.83,429.8,1.0,30.67,20.31,1.0,594.59
CUST_0017,4947.57,1856.75,1.0,675.38,332.97,1.0,321.66,137.08,1.0,84.81,71.77,1.0,2576.87
CUST_0018,590.04,236.44,1.0,525.63,129.88,1.0,290.1,28.01,1.0,89.43,45.73,1.0,-260.54
CUST_0019,3765.97,1369.78,1.0,1495.41,175.31,1.0,182.19,49.44,1.0,100.72,98.02,1.0,946.04
CUST_0020,4567.93,520.89,1.0,1899.6,900.9,1.0,349.54,347.88,1.0,130.92,42.13,1.0,3135.47
CUST_0021,4275.29,795.9,1.0,1426.06,218.11,1.0,455.95,21.0,1.0,64.99,19.07,1.0,1882.41
CUST_0022,1859.71,55.54,1.0,1064.8,51.3,1.0,185.6,79.49,1.0,58.33,1.41,1.0,741.48
CUST_0023,1911.2,623.75,1.0,1280.68,63.38,1.0,194.46,90.62,1.0,42.3,14.09,1.0,-5.48
CUST_0024,2162.9,939.45,1.0,889.53,128.43,1.0,183.47,106.21,1.0,2.28,1.38,1.0,385.99
CUST_0025,740.48,349.44,1.0,109.16,24.2,1.0,69.61,26.43,1.0,118.1,60.31,1.0,320.69
CUST_0026,1409.79,350.03,1.0,1576.05,50.03,1.0,305.27,25.02,1.0,161.5,128.38,1.0,-713.39
CUST_0027,2072.89,890.15,1.0,178.24,66.14,1.0,244.11,205.04,1.0,180.29,41.15,1.0,1170.71
CUST_0028,4589.47,362.43,1.0,998.88,132.22,1.0,30.22,10.26,1.0,194.75,159.93,1.0,3375.24
CUST_0029,4138.98,1593.82,1.0,1386.97,491.38,1.0,225.26,6.03,1.0,198.8,112.79,1.0,1516.35
CUST_0030,1618.48,701.79,1.0,1965.62,511.91,1.0,497.48,270.31,1.0,54.35,25.63,1.0,-735.47
CUST_0031,3159.31,136.51,1.0,1197.3,343.89,1.0,155.93,71.73,1.0,36.85,25.13,1.0,2096.91
CUST_0032,2828.55,1218.0,1.0,319.01,104.11,1.0,89.07,11.18,1.0,16.72,16.6,1.0,1317.88
CUST_0033,4536.71,1301.68,1.0,1453.85,673.44,1.0,429.5,310.04,1.0,125.29,75.2,1.0,2385.25
CUST_0034,3957.63,710.92,1.0,1579.65,172.09,1.0,142.4,116.89,1.0,48.14,10.52,1.0,1851.26
CUST_0035,4721.72,719.04,1.0,1155.87,352.53,1.0,409.37,357.04,1.0,12.7,8.59,1.0,3151.12
CUST_0036,2267.01,151.37,1.0,1290.0,118.07,1.0,252.21,71.01,1.0,22.36,6.13,1.0,778.74
CUST_0037,4055.16,1263.96,1.0,596.75,203.81,1.0,429.9,83.55,1.0,179.11,72.54,1.0,2158.48
CUST_0038,1726.89,566.55,1.0,953.11,324.07,1.0,193.6,118.83,1.0,171.68,96.51,1.0,531.7
CUST_0039,1435.6,116.34,1.0,553.21,194.48,1.0,387.45,334.01,1.0,54.33,50.54,1.0,910.88
CUST_0040,1080.63,289.62,1.0,666.43,120.19,1.0,266.79,176.91,1.0,16.12,2.43,1.0,168.58
CUST_0041,3253.24,1500.55,1.0,300.82,89.3,1.0,210.81,150.8,1.0,6.59,0.72,1.0,1487.03
CUST_0042,3066.01,32.41,1.0,159.63,26.63,1.0,411.33,273.1,1.0,79.34,7.8,1.0,2833.91
CUST_0043,2692.62,1247.63,1.0,761.42,150.96,1.0,89.47,18.38,1.0,42.53,34.2,1.0,771.77
CUST_0044,1981.0,104.21,1.0,1742.95,632.09,1.0,155.29,67.45,1.0,152.3,76.4,1.0,753.99
CUST_0045,3848.2,1357.71,1.0,1508.93,383.14,1.0,7.87,1.7,1.0,118.84,40.97,1.0,1436.4
CUST_0046,2471.6,152.48,1.0,628.77,295.63,1.0,166.15,29.91,1.0,108.88,74.96,1.0,1883.66
CUST_0047,3248.89,552.26,1.0,233.67,94.08,1.0,478.94,356.84,1.0,20.43,13.51,1.0,2441.86
CUST_0048,1988.65,504.81,1.0,1879.73,343.71,1.0,105.05,75.25,1.0,162.95,32.56,1.0,48.41
CUST_0049,1036.94,272.65,1.0,1068.77,172.57,1.0,141.35,131.93,1.0,11.8,3.23,1.0,-132.76
CUST_0050,1981.14,475.22,1.0,789.13,341.6,1.0,376.51,247.92,1.0,17.69,11.33,1.0,936.16
CUST_0051,3449.45,961.64,1.0,1680.29,453.07,1.0,444.54,159.32,1.0,114.66,6.28,1.0,1083.75
CUST_0052,3410.92,1701.31,1.0,341.79,133.88,1.0,442.92,264.57,1.0,76.29,30.12,1.0,1369.52
CUST_0053,1466.78,491.57,1.0,206.51,59.63,1.0,27.27,6.21,1.0,123.03,81.72,1.0,848.58
CUST_0054,3315.16,906.11,1.0,1003.19,325.2,1.0,251.16,119.47,1.0,72.89,61.35,1.0,1610.91
CUST_0055,4856.22,2412.0,1.0,286.87,114.83,1.0,28.97,22.89,1.0,146.07,50.07,1.0,2362.1
CUST_0056,2654.39,12.67,1.0,1343.23,198.74,1.0,23.06,2.18,1.0,79.25,47.53,1.0,1508.07
CUST_0057,2763.44,1087.95,1.0,531.77,216.78,1.0,201.09,23.49,1.0,54.6,6.63,1.0,1230.87
CUST_0058,4976.29,1677.47,1.0,163.61,53.12,1.0,351.22,164.79,1.0,103.43,22.42,1.0,3082.91
CUST_0059,2949.48,591.38,1.0,287.27,64.67,1.0,469.73,336.18,1.0,84.09,74.1,1.0,2011.94
CUST_0060,2114.29,658.71,1.0,1217.34,599.88,1.0,430.93,122.37,1.0,102.95,24.4,1.0,608.11
CUST_0061,666.91,215.33,1.0,1635.45,545.7,1.0,95.24,7.14,1.0,121.13,54.93,1.0,-660.07
CUST_0062,941.03,280.77,1.0,717.87,91.33,1.0,342.55,276.29,1.0,193.77,113.16,1.0,48.07
CUST_0063,2775.15,367.54,1.0,201.36,8.48,1.0,49.77,17.2,1.0,50.54,14.49,1.0,2218.21
CUST_0064,4044.49,188.73,1.0,778.8,70.6,1.0,328.36,7.05,1.0,146.78,20.59,1.0,2952.44
CUST_0065,4094.98,1985.87,1.0,665.88,160.59,1.0,397.43,35.3,1.0,176.62,138.41,1.0,1279.9
CUST_0066,2863.91,40.88,1.0,771.42,8.2,1.0,125.72,43.52,1.0,47.78,19.71,1.0,2005.68
CUST_0067,1403.02,199.84,1.0,634.65,27.17,1.0,82.77,2.07,1.0,66.77,54.41,1.0,527.36
CUST_0068,1490.35,329.03,1.0,297.81,26.48,1.0,59.03,28.77,1.0,161.77,128.05,1.0,893.45
CUST_0069,2554.26,1017.99,1.0,1813.12,770.62,1.0,80.99,46.69,1.0,199.66,60.44,1.0,598.69
CUST_0070,4204.44,1107.8,1.0,296.78,14.29,1.0,221.9,112.68,1.0,43.25,36.63,1.0,2711.55
CUST_0071,3692.42,905.73,1.0,218.56,77.76,1.0,449.77,354.3,1.0,121.3,99.2,1.0,2572.52
CUST_0072,3357.31,1321.03,1.0,1001.83,369.27,1.0,405.57,20.03,1.0,176.92,116.9,1.0,1078.2
CUST_0073,2755.65,437.11,1.0,107.62,11.8,1.0,461.77,299.01,1.0,180.7,91.14,1.0,2149.52
CUST_0074,1677.54,513.0,1.0,1643.25,62.48,1.0,476.75,321.54,1.0,15.5,5.36,1.0,-561.3
CUST_0075,1393.64,629.15,1.0,556.66,81.1,1.0,425.79,195.81,1.0,66.88,61.29,1.0,64.54
CUST_0076,1280.37,598.88,1.0,1770.83,37.31,1.0,30.93,1.08,1.0,1.65,1.36,1.0,-1081.59
CUST_0077,1354.59,190.74,1.0,983.34,289.32,1.0,16.0,2.53,1.0,138.85,85.06,1.0,510.15
CUST_0078,797.14,165.32,1.0,1774.62,248.51,1.0,104.8,69.78,1.0,89.56,63.43,1.0,-903.18
CUST_0079,1023.0,447.7,1.0,224.23,8.54,1.0,313.77,19.7,1.0,132.27,72.07,1.0,125.74
CUST_0080,800.36,164.07,1.0,460.05,167.49,1.0,343.04,97.88,1.0,26.9,0.85,1.0,124.62
CUST_0081,4299.46,544.18,1.0,626.54,75.99,1.0,381.26,51.26,1.0,180.01,92.33,1.0,2962.41
CUST_0082,846.34,42.4,1.0,1104.72,154.59,1.0,333.2,318.83,1.0,175.62,67.88,1.0,-52.82
CUST_0083,4840.89,1069.66,1.0,494.55,208.78,1.0,143.22,32.82,1.0,165.82,14.54,1.0,3526.34
CUST_0084,1836.7,519.77,1.0,1985.65,92.97,1.0,188.3,128.41,1.0,8.02,1.82,1.0,-629.44
CUST_0085,4982.38,1425.65,1.0,474.75,53.04,1.0,277.32,188.92,1.0,148.14,22.62,1.0,3172.14
CUST_0086,898.04,19.47,1.0,173.54,78.2,1.0,151.89,77.89,1.0,92.69,90.88,1.0,711.04
CUST_0087,4546.73,202.64,1.0,1702.89,180.45,1.0,195.49,101.27,1.0,22.0,12.39,1.0,2737.04
CUST_0088,1483.19,285.63,1.0,1689.06,620.66,1.0,54.56,35.01,1.0,61.13,58.27,1.0,112.47
CUST_0089,3648.84,418.94,1.0,281.05,95.21,1.0,407.1,344.45,1.0,40.79,9.21,1.0,3012.99
CUST_0090,4037.52,290.92,1.0,1408.37,387.7,1.0,352.4,143.35,1.0,198.25,24.89,1.0,2690.24
CUST_0091,542.63,98.69,1.0,1022.14,508.58,1.0,101.37,63.01,1.0,112.79,27.7,1.0,-22.89
CUST_0092,1634.24,551.13,1.0,1031.55,216.05,1.0,330.31,66.83,1.0,127.14,20.4,1.0,110.87
CUST_0093,559.09,177.3,1.0,915.58,248.98,1.0,331.47,293.22,1.0,14.35,7.46,1.0,-316.17
CUST_0094,2418.89,246.34,1.0,1580.62,510.92,1.0,87.15,60.45,1.0,196.45,29.65,1.0,1242.95
CUST_0095,1518.48,154.94,1.0,1857.15,227.97,1.0,211.57,90.9,1.0,6.79,5.19,1.0,-384.71
CUST_0096,4192.37,1595.74,1.0,558.18,198.89,1.0,26.99,22.27,1.0,72.12,5.66,1.0,2299.08
CUST_0097,2732.16,1026.65,1.0,1696.94,430.33,1.0,268.64,130.93,1.0,88.45,10.03,1.0,379.61
CUST_0098,926.02,149.33,1.0,606.44,19.85,1.0,478.89,113.37,1.0,67.96,65.59,1.0,-173.05
CUST_0099,552.24,166.45,1.0,1817.31,127.46,1.0,263.26,0.19,1.0,0.62,0.48,1.0,-1566.99
CUST_0100,667.45,10.41,1.0,744.51,313.25,1.0,47.24,40.97,1.0,152.26,76.35,1.0,295.42
CUST_0101,1894.94,671.69,1.0,710.23,239.75,1.0,470.08,378.77,1.0,24.32,0.87,1.0,684.91
CUST_0102,2805.24,27.34,1.0,508.9,162.35,1.0,187.21,127.35,1.0,33.9,1.65,1.0,2403.74
CUST_0103,1219.86,281.38,1.0,1737.62,377.01,1.0,274.24,158.93,1.0,172.05,121.24,1.0,-486.63
CUST_0104,4271.13,1504.43,1.0,1598.05,176.82,1.0,73.81,11.53,1.0,35.57,2.22,1.0,1316.54
CUST_0105,4623.55,896.83,1.0,941.03,296.66,1.0,74.24,67.24,1.0,189.65,178.25,1.0,3086.75
CUST_0106,4553.57,72.97,1.0,1922.39,785.24,1.0,453.09,364.68,1.0,155.52,9.89,1.0,3400.67
CUST_0107,2628.71,501.06,1.0,1300.22,643.03,1.0,385.97,21.25,1.0,160.41,79.05,1.0,1187.1
CUST_0108,1019.65,114.96,1.0,148.42,45.94,1.0,213.06,133.18,1.0,178.35,3.11,1.0,897.57
CUST_0109,1167.32,554.65,1.0,1281.99,16.17,1.0,269.38,221.43,1.0,24.03,3.48,1.0,-680.55
CUST_0110,2188.27,634.38,1.0,1716.49,43.88,1.0,172.84,138.17,1.0,18.96,4.19,1.0,-138.62
CUST_0111,523.48,96.64,1.0,1200.53,567.01,1.0,83.12,62.65,1.0,17.66,12.37,1.0,-221.86
CUST_0112,1736.78,842.6,1.0,502.91,148.54,1.0,199.51,151.46,1.0,141.41,53.09,1.0,580.08
CUST_0113,4120.7,1219.21,1.0,716.37,15.54,1.0,6.89,5.57,1.0,55.94,37.61,1.0,2217.67
CUST_0114,3649.67,1434.04,1.0,464.02,99.8,1.0,449.82,278.81,1.0,2.81,0.49,1.0,1682.72
CUST_0115,2698.38,858.57,1.0,1305.66,134.39,1.0,163.62,153.88,1.0,56.38,17.69,1.0,697.49
CUST_0116,2903.25,309.16,1.0,1010.27,372.31,1.0,341.56,77.39,1.0,91.48,67.53,1.0,1715.91
CUST_0117,1304.21,374.89,1.0,667.28,119.36,1.0,449.14,360.62,1.0,145.06,120.39,1.0,317.55
CUST_0118,2411.4,1166.6,1.0,747.0,129.58,1.0,152.85,6.62,1.0,84.02,34.7,1.0,530.47
CUST_0119,1948.18,385.51,1.0,933.41,155.41,1.0,495.45,205.31,1.0,95.81,28.35,1.0,561.99
CUST_0120,2599.28,427.46,1.0,692.3,315.5,1.0,381.17,99.98,1.0,19.43,2.09,1.0,1531.17
CUST_0121,1396.09,351.3,1.0,1432.13,535.87,1.0,82.51,15.31,1.0,179.62,115.29,1.0,145.66
CUST_0122,1342.39,399.89,1.0,412.0,47.79,1.0,156.67,115.37,1.0,126.38,41.16,1.0,622.21
CUST_0123,4630.26,2287.12,1.0,280.58,7.1,1.0,401.56,109.4,1.0,184.72,132.96,1.0,1829.26
CUST_0124,1093.86,311.71,1.0,1512.6,274.32,1.0,143.84,84.65,1.0,116.88,54.82,1.0,-453.26
CUST_0125,4645.87,598.77,1.0,1208.43,203.74,1.0,421.57,219.1,1.0,195.46,120.09,1.0,2915.31
CUST_0126,3143.12,803.01,1.0,932.76,436.87,1.0,168.55,85.72,1.0,165.79,71.26,1.0,1855.92
CUST_0127,1119.84,244.2,1.0,394.62,35.68,1.0,8.74,8.08,1.0,23.61,21.04,1.0,518.61
CUST_0128,2002.87,275.03,1.0,927.51,19.99,1.0,35.46,21.05,1.0,66.98,5.04,1.0,867.85
CUST_0129,4928.25,2042.4,1.0,284.68,63.23,1.0,241.27,207.74,1.0,167.0,153.39,1.0,2644.48
CUST_0130,2222.83,1065.98,1.0,138.71,14.18,1.0,466.12,426.71,1.0,129.72,9.93,1.0,1112.7
CUST_0131,2471.6,243.49,1.0,1319.86,245.17,1.0,487.28,104.4,1.0,57.27,4.25,1.0,823.56
CUST_0132,3840.92,1007.77,1.0,1616.94,112.67,1.0,425.74,59.69,1.0,133.7,75.91,1.0,1020.62
CUST_0133,2557.37,1141.81,1.0,1563.2,19.47,1.0,369.98,81.57,1.0,35.99,33.4,1.0,-413.99
CUST_0134,731.16,271.99,1.0,1663.89,588.6,1.0,429.67,117.65,1.0,125.69,114.09,1.0,-916.54
CUST_0135,2024.11,772.57,1.0,769.66,264.68,1.0,103.45,44.98,1.0,156.51,116.3,1.0,728.3
CUST_0136,2328.01,643.28,1.0,777.02,38.61,1.0,296.85,85.18,1.0,132.26,127.88,1.0,739.03
CUST_0137,1207.89,424.75,1.0,1581.91,322.47,1.0,491.81,45.02,1.0,43.4,43.03,1.0,-922.72
CUST_0138,4965.95,612.72,1.0,570.21,14.87,1.0,41.36,36.65,1.0,126.55,31.65,1.0,3888.08
CUST_0139,2736.25,318.72,1.0,860.87,108.49,1.0,29.82,23.84,1.0,171.83,139.44,1.0,1691.56
CUST_0140,842.51,114.33,1.0,580.72,226.93,1.0,42.86,13.99,1.0,79.06,72.84,1.0,351.74
CUST_0141,691.59,12.98,1.0,1649.99,653.32,1.0,438.93,29.24,1.0,107.69,89.72,1.0,-709.78
CUST_0142,2424.87,465.32,1.0,1673.86,450.91,1.0,316.34,63.92,1.0,149.24,71.76,1.0,561.66
CUST_0143,3808.99,1233.92,1.0,1557.74,624.76,1.0,63.83,33.33,1.0,193.78,82.94,1.0,1722.43
CUST_0144,3802.46,1209.54,1.0,851.18,226.48,1.0,410.49,163.64,1.0,198.98,158.75,1.0,1761.6
CUST_0145,2396.52,315.35,1.0,551.59,270.91,1.0,114.99,38.16,1.0,178.05,79.74,1.0,1821.97
CUST_0146,830.43,121.27,1.0,785.14,238.23,1.0,270.65,251.98,1.0,112.47,81.66,1.0,174.39
CUST_0147,3167.7,1032.45,1.0,1208.76,525.69,1.0,48.7,14.2,1.0,14.93,10.67,1.0,1421.94
CUST_0148,4894.02,84.93,1.0,1248.27,319.0,1.0,409.11,289.74,1.0,181.9,119.86,1.0,3822.49
CUST_0149,4125.67,1099.7,1.0,687.17,337.19,1.0,379.06,222.63,1.0,25.69,9.39,1.0,2535.86
CUST_0150,4837.66,381.51,1.0,215.15,14.97,1.0,28.42,14.57,1.0,30.7,3.12,1.0,4269.7
CUST_0151,992.8,159.28,1.0,1383.9,69.41,1.0,129.23,128.87,1.0,117.21,41.53,1.0,-405.65
CUST_0152,3304.8,363.01,1.0,1512.18,235.29,1.0,10.66,7.62,1.0,41.31,22.12,1.0,1681.05
CUST_0153,1289.6,318.92,1.0,1795.2,1.87,1.0,406.34,363.84,1.0,72.03,5.25,1.0,-798.37
CUST_0154,4031.68,1200.22,1.0,1957.4,461.38,1.0,170.73,169.49,1.0,171.72,58.52,1.0,1447.4
CUST_0155,4679.8,710.44,1.0,1005.9,291.83,1.0,125.99,94.31,1.0,52.92,28.79,1.0,3247.74
CUST_0156,1832.59,379.06,1.0,151.11,37.83,1.0,303.02,176.05,1.0,75.24,43.99,1.0,1244.53
CUST_0157,4959.45,1642.15,1.0,1350.15,355.5,1.0,204.78,9.97,1.0,61.57,1.83,1.0,2187.58
CUST_0158,1232.83,612.63,1.0,434.49,0.64,1.0,46.65,13.1,1.0,41.56,15.77,1.0,178.59
CUST_0159,2386.97,315.31,1.0,1094.79,72.2,1.0,246.05,189.85,1.0,72.84,29.91,1.0,1035.8
CUST_0160,1751.47,266.94,1.0,930.05,132.11,1.0,445.16,319.36,1.0,5.32,2.24,1.0,563.87
CUST_0161,2232.71,509.83,1.0,203.43,75.77,1.0,225.85,45.26,1.0,76.21,52.72,1.0,1438.12
CUST_0162,1442.82,368.36,1.0,553.01,224.38,1.0,144.58,5.72,1.0,59.54,51.27,1.0,615.24
CUST_0163,3864.78,1354.87,1.0,1422.36,287.71,1.0,353.93,289.59,1.0,131.32,121.27,1.0,1320.97
CUST_0164,2684.84,29.16,1.0,1035.25,6.26,1.0,292.08,205.46,1.0,110.28,104.27,1.0,1546.08
CUST_0165,3901.53,69.81,1.0,192.25,20.86,1.0,237.53,167.64,1.0,36.01,7.69,1.0,3618.76
CUST_0166,1203.54,5.73,1.0,1776.71,547.33,1.0,466.53,218.01,1.0,85.95,48.46,1.0,-242.6
CUST_0167,4377.49,2088.99,1.0,545.68,175.37,1.0,340.68,307.21,1.0,174.45,89.0,1.0,1970.17
CUST_0168,973.28,342.78,1.0,796.86,236.19,1.0,311.94,274.28,1.0,112.88,52.91,1.0,92.14
CUST_0169,3428.09,561.07,1.0,769.24,85.6,1.0,376.04,305.84,1.0,117.25,28.94,1.0,2201.49
CUST_0170,2890.2,53.96,1.0,189.25,68.41,1.0,268.69,96.86,1.0,78.62,22.67,1.0,2599.52
CUST_0171,1204.9,543.47,1.0,270.1,53.01,1.0,351.86,247.81,1.0,97.33,72.68,1.0,364.94
CUST_0172,3990.8,1552.9,1.0,980.9,437.92,1.0,326.98,252.16,1.0,96.82,68.62,1.0,1848.3
CUST_0173,4038.29,1547.47,1.0,1062.67,140.46,1.0,277.3,171.91,1.0,74.98,49.78,1.0,1488.42
CUST_0174,3707.74,190.32,1.0,1252.62,63.27,1.0,110.2,80.49,1.0,78.55,46.95,1.0,2329.96
CUST_0175,634.83,264.43,1.0,259.58,85.21,1.0,305.46,291.88,1.0,34.58,24.7,1.0,192.33
CUST_0176,2642.93,35.22,1.0,1963.04,870.32,1.0,421.4,248.23,1.0,84.46,40.97,1.0,1385.31
CUST_0177,2380.86,1018.99,1.0,825.84,78.75,1.0,3.66,1.8,1.0,131.1,92.28,1.0,651.74
CUST_0178,3068.54,982.19,1.0,531.8,46.34,1.0,59.92,2.55,1.0,173.38,110.1,1.0,1606.8
CUST_0179,807.03,269.07,1.0,218.31,6.65,1.0,157.49,28.95,1.0,195.54,121.72,1.0,271.58
CUST_0180,4473.87,1407.71,1.0,886.88,168.01,1.0,366.5,231.44,1.0,95.9,63.19,1.0,2244.94
CUST_0181,4845.64,2075.72,1.0,350.46,73.96,1.0,316.93,83.72,1.0,108.81,27.86,1.0,2341.16
CUST_0182,4021.74,1758.49,1.0,880.36,207.99,1.0,370.76,290.35,1.0,144.86,134.55,1.0,1520.78
CUST_0183,3912.68,1248.66,1.0,1830.74,711.72,1.0,405.29,68.41,1.0,177.72,7.12,1.0,1378.72
CUST_0184,1257.05,624.77,1.0,516.98,103.38,1.0,298.35,140.69,1.0,71.28,49.18,1.0,83.12
CUST_0185,1870.61,503.95,1.0,106.26,7.22,1.0,271.83,266.08,1.0,135.68,52.02,1.0,1345.53
CUST_0186,2407.72,484.79,1.0,1184.09,113.83,1.0,51.23,32.64,1.0,47.87,10.3,1.0,871.65
CUST_0187,1929.49,776.87,1.0,1560.13,587.0,1.0,373.45,129.64,1.0,188.94,134.19,1.0,-9.57
CUST_0188,3985.62,1204.54,1.0,545.24,149.66,1.0,153.08,120.17,1.0,172.1,95.04,1.0,2429.65
CUST_0189,3429.33,450.16,1.0,766.99,173.8,1.0,200.74,62.15,1.0,89.13,3.56,1.0,2332.96
CUST_0190,4472.53,845.72,1.0,1089.83,381.79,1.0,76.37,26.19,1.0,148.97,46.44,1.0,2971.12
CUST_0191,2689.21,399.74,1.0,599.92,183.73,1.0,419.15,64.93,1.0,185.33,185.02,1.0,1519.37
CUST_0192,3192.43,626.44,1.0,693.95,310.79,1.0,257.42,80.91,1.0,131.5,59.75,1.0,2078.07
CUST_0193,1994.4,277.77,1.0,1198.35,411.8,1.0,354.06,12.65,1.0,175.41,143.3,1.0,620.78
CUST_0194,4359.29,1938.72,1.0,944.77,183.46,1.0,225.76,154.16,1.0,7.43,3.33,1.0,1591.76
CUST_0195,1997.21,733.89,1.0,1488.2,580.95,1.0,132.81,44.05,1.0,179.4,79.12,1.0,367.59
CUST_0196,2275.55,414.53,1.0,1410.62,635.65,1.0,236.44,182.56,1.0,97.41,3.22,1.0,1126.36
CUST_0197,4357.98,105.3,1.0,785.87,314.41,1.0,314.45,244.92,1.0,160.35,12.37,1.0,3859.67
CUST_0198,4913.16,1237.37,1.0,410.41,180.02,1.0,469.13,180.62,1.0,27.94,20.68,1.0,3164.15
CUST_0199,1092.91,391.94,1.0,1556.69,428.76,1.0,152.6,134.47,1.0,159.17,22.37,1.0,-308.29
CUST_0200,2953.54,65.01,1.0,1704.53,400.41,1.0,334.46,36.4,1.0,48.36,10.82,1.0,1323.89
CUST_0201,3010.18,570.05,1.0,1189.0,572.4,1.0,377.6,232.47,1.0,93.73,48.81,1.0,1723.32
CUST_0202,4373.71,1847.35,1.0,1555.78,594.25,1.0,276.64,30.98,1.0,16.29,3.32,1.0,1332.14
CUST_0203,3451.22,1048.9,1.0,1819.85,121.04,1.0,276.04,270.82,1.0,10.92,8.33,1.0,700.88
CUST_0204,1919.23,27.87,1.0,1113.83,220.79,1.0,94.17,87.61,1.0,58.3,3.39,1.0,1046.67
CUST_0205,789.84,300.76,1.0,1227.53,536.04,1.0,22.89,18.81,1.0,48.79,19.81,1.0,-177.51
CUST_0206,2448.28,1004.64,1.0,157.46,35.16,1.0,241.4,129.08,1.0,126.7,87.03,1.0,1248.69
CUST_0207,4452.79,270.78,1.0,493.43,225.75,1.0,255.89,10.57,1.0,182.06,39.81,1.0,3811.26
CUST_0208,3585.85,433.43,1.0,1455.25,116.46,1.0,457.5,140.28,1.0,35.08,29.66,1.0,1501.83
CUST_0209,4937.24,2221.85,1.0,1560.49,142.3,1.0,86.94,66.98,1.0,114.35,56.8,1.0,1334.79
CUST_0210,3852.46,1681.88,1.0,1384.04,119.26,1.0,316.86,247.96,1.0,79.2,49.12,1.0,866.98
CUST_0211,1014.75,386.64,1.0,953.25,21.47,1.0,399.99,225.51,1.0,147.29,29.9,1.0,-360.76
CUST_0212,700.12,109.69,1.0,1766.51,397.69,1.0,150.82,42.38,1.0,80.56,26.59,1.0,-832.86
CUST_0213,1897.45,283.36,1.0,1934.11,139.08,1.0,69.15,32.08,1.0,39.06,26.36,1.0,-205.31
CUST_0214,2805.85,752.33,1.0,249.83,113.4,1.0,324.22,137.04,1.0,12.3,3.28,1.0,1738.93
CUST_0215,3059.85,378.23,1.0,772.46,335.5,1.0,310.62,298.23,1.0,167.75,45.94,1.0,2354.08
CUST_0216,4371.86,705.69,1.0,655.11,317.46,1.0,313.91,117.28,1.0,49.05,35.32,1.0,3145.62
CUST_0217,855.71,259.01,1.0,1079.88,134.38,1.0,245.48,8.87,1.0,45.99,26.35,1.0,-565.77
CUST_0218,3211.45,823.68,1.0,929.96,330.55,1.0,114.99,24.26,1.0,61.89,17.99,1.0,1741.53
CUST_0219,987.24,170.67,1.0,1946.49,597.7,1.0,109.0,43.04,1.0,111.44,42.63,1.0,-529.37
CUST_0220,4762.27,1925.28,1.0,401.38,67.43,1.0,344.59,79.44,1.0,98.07,41.11,1.0,2294.85
CUST_0221,1040.12,50.53,1.0,266.88,9.04,1.0,319.42,304.76,1.0,42.35,26.8,1.0,732.64
CUST_0222,1932.69,379.16,1.0,461.09,0.87,1.0,319.44,31.96,1.0,29.59,29.56,1.0,805.86
CUST_0223,3260.84,325.99,1.0,804.88,370.87,1.0,485.46,318.36,1.0,172.16,119.61,1.0,2386.29
CUST_0224,1377.16,344.2,1.0,1125.78,118.24,1.0,205.97,12.69,1.0,121.47,61.19,1.0,-107.58
CUST_0225,2080.49,600.28,1.0,1241.89,317.18,1.0,266.01,95.49,1.0,67.85,43.38,1.0,409.45
CUST_0226,2212.68,668.51,1.0,866.31,191.58,1.0,377.05,111.02,1.0,4.33,3.18,1.0,604.56
CUST_0227,2135.02,968.95,1.0,1248.51,30.28,1.0,229.9,62.85,1.0,64.62,0.85,1.0,-155.44
CUST_0228,1462.96,693.66,1.0,1082.56,298.58,1.0,30.85,25.24,1.0,80.16,4.66,1.0,55.21
CUST_0229,1924.58,32.7,1.0,443.56,217.13,1.0,380.43,127.93,1.0,155.65,54.14,1.0,1514.46
CUST_0230,1510.75,299.87,1.0,702.05,338.04,1.0,412.2,363.28,1.0,88.84,47.4,1.0,839.39
CUST_0231,790.83,113.83,1.0,1116.46,257.92,1.0,172.13,78.96,1.0,102.66,51.69,1.0,-223.74
CUST_0232,962.24,192.56,1.0,1428.81,390.76,1.0,372.64,18.68,1.0,154.39,67.47,1.0,-535.41
CUST_0233,3256.35,1260.6,1.0,329.35,154.67,1.0,225.4,73.65,1.0,69.72,24.37,1.0,1714.67
CUST_0234,2616.93,618.38,1.0,744.01,84.76,1.0,376.9,287.29,1.0,4.56,4.36,1.0,1249.89
CUST_0235,2488.83,898.7,1.0,606.92,267.64,1.0,289.79,198.89,1.0,159.25,146.29,1.0,1172.91
CUST_0236,3632.28,1028.74,1.0,122.94,58.58,1.0,487.61,258.14,1.0,25.28,12.85,1.0,2322.14
CUST_0237,4946.42,1793.69,1.0,1971.24,427.16,1.0,17.49,9.88,1.0,49.42,35.89,1.0,1614.57
CUST_0238,1404.65,685.75,1.0,758.05,261.23,1.0,198.05,135.02,1.0,68.65,4.57,1.0,223.13
CUST_0239,1895.8,924.09,1.0,643.41,188.54,1.0,382.34,213.5,1.0,144.39,25.16,1.0,467.23
CUST_0240,951.0,457.24,1.0,840.95,323.91,1.0,172.22,124.27,1.0,81.81,70.68,1.0,-60.1
CUST_0241,3218.25,687.15,1.0,183.14,16.19,1.0,196.14,141.05,1.0,66.75,20.38,1.0,2355.43
CUST_0242,3667.81,1111.9,1.0,675.03,203.52,1.0,383.33,78.49,1.0,188.98,22.15,1.0,1946.39
CUST_0243,2413.09,838.02,1.0,350.81,36.96,1.0,11.58,5.16,1.0,101.61,85.96,1.0,1270.45
CUST_0244,2674.32,950.76,1.0,1046.74,320.36,1.0,440.11,436.63,1.0,75.24,53.04,1.0,1015.9
CUST_0245,4940.03,165.48,1.0,1148.49,339.67,1.0,420.6,62.7,1.0,187.09,71.13,1.0,3723.79
CUST_0246,2748.47,336.8,1.0,523.78,46.96,1.0,241.19,51.35,1.0,33.19,7.4,1.0,1770.8
CUST_0247,3998.41,471.47,1.0,1786.15,673.35,1.0,180.24,23.64,1.0,144.44,133.29,1.0,2268.69
CUST_0248,2979.13,434.35,1.0,227.67,47.6,1.0,239.89,204.4,1.0,54.92,49.56,1.0,2334.58
CUST_0249,2454.82,402.47,1.0,562.67,58.9,1.0,346.41,345.51,1.0,7.68,1.28,1.0,1554.08
CUST_0250,2504.73,56.61,1.0,1797.04,696.09,1.0,336.77,74.54,1.0,71.17,44.94,1.0,1111.17
CUST_0251,3677.71,791.66,1.0,730.32,323.53,1.0,315.24,119.78,1.0,12.51,12.44,1.0,2283.87
CUST_0252,2982.39,114.37,1.0,1748.11,310.3,1.0,173.2,78.8,1.0,139.47,4.02,1.0,1471.26
CUST_0253,1976.0,63.7,1.0,335.35,68.39,1.0,126.58,13.36,1.0,22.46,18.4,1.0,1536.18
CUST_0254,4274.25,2038.5,1.0,214.15,78.53,1.0,16.29,1.54,1.0,25.73,25.48,1.0,2085.63
CUST_0255,3519.35,499.59,1.0,172.15,60.77,1.0,222.33,135.64,1.0,154.79,99.38,1.0,2877.1
CUST_0256,2488.74,1116.4,1.0,786.98,105.72,1.0,127.22,91.21,1.0,109.01,62.36,1.0,701.72
CUST_0257,4282.31,89.0,1.0,673.87,157.52,1.0,266.16,127.56,1.0,87.89,48.47,1.0,3577.78
CUST_0258,3141.33,937.78,1.0,519.33,245.73,1.0,454.93,423.14,1.0,91.78,24.02,1.0,1965.92
CUST_0259,3391.03,464.58,1.0,1299.48,42.18,1.0,344.83,337.87,1.0,66.82,18.9,1.0,1710.11
CUST_0260,528.27,234.82,1.0,335.75,118.97,1.0,207.86,24.26,1.0,79.32,78.16,1.0,-105.77
CUST_0261,4051.78,39.01,1.0,511.45,122.66,1.0,24.59,15.21,1.0,170.03,24.98,1.0,3759.65
CUST_0262,3308.89,1638.56,1.0,395.76,121.07,1.0,119.4,48.91,1.0,163.74,22.12,1.0,1466.77
CUST_0263,2533.21,931.67,1.0,1244.54,329.09,1.0,22.41,4.99,1.0,157.91,136.55,1.0,690.03
CUST_0264,4949.58,1189.76,1.0,966.02,118.97,1.0,9.94,9.83,1.0,78.16,20.0,1.0,2970.82
CUST_0265,4776.12,1472.09,1.0,1442.93,34.25,1.0,26.18,15.85,1.0,172.88,64.11,1.0,1993.79
CUST_0266,566.26,59.92,1.0,1907.01,491.96,1.0,47.74,44.69,1.0,29.68,6.61,1.0,-888.69
CUST_0267,4463.02,735.24,1.0,1595.58,204.61,1.0,59.3,50.6,1.0,162.07,98.62,1.0,2391.56
CUST_0268,3360.1,1407.06,1.0,516.02,225.22,1.0,184.72,122.39,1.0,46.6,42.01,1.0,1604.5
CUST_0269,2562.06,838.18,1.0,1575.08,250.56,1.0,34.56,7.68,1.0,139.27,136.39,1.0,375.36
CUST_0270,1041.45,54.88,1.0,614.95,15.21,1.0,448.54,151.5,1.0,161.28,123.88,1.0,127.19
CUST_0271,3523.31,1231.33,1.0,430.03,170.42,1.0,170.98,120.04,1.0,34.21,10.27,1.0,2005.37
CUST_0272,2981.96,1243.05,1.0,659.5,44.4,1.0,72.97,21.84,1.0,43.74,23.37,1.0,1093.05
CUST_0273,4799.05,1965.53,1.0,1117.17,413.96,1.0,386.8,1.58,1.0,21.8,2.76,1.0,1764.13
CUST_0274,2698.95,1339.11,1.0,1043.11,117.9,1.0,267.0,244.33,1.0,47.47,38.73,1.0,420.7
CUST_0275,1384.15,409.33,1.0,1643.48,191.5,1.0,180.13,102.83,1.0,39.37,24.63,1.0,-539.72
CUST_0276,2401.71,314.88,1.0,585.92,153.93,1.0,69.35,19.47,1.0,50.11,34.89,1.0,1620.18
CUST_0277,4565.51,164.1,1.0,1523.28,760.76,1.0,30.68,5.17,1.0,51.31,15.39,1.0,3649.3
CUST_0278,1022.81,67.5,1.0,1848.79,627.86,1.0,392.05,234.97,1.0,81.93,44.26,1.0,-385.03
CUST_0279,4822.68,563.77,1.0,1405.41,250.08,1.0,141.32,6.3,1.0,183.91,23.39,1.0,3129.08
CUST_0280,2871.83,39.33,1.0,877.24,332.62,1.0,230.97,151.96,1.0,195.61,0.86,1.0,2403.62
CUST_0281,4044.86,1274.74,1.0,400.66,13.76,1.0,239.79,130.64,1.0,58.51,19.26,1.0,2313.32
CUST_0282,3046.05,316.65,1.0,941.62,295.44,1.0,171.86,159.7,1.0,16.35,4.62,1.0,2082.79
CUST_0283,1613.92,67.82,1.0,1209.49,184.27,1.0,162.6,53.17,1.0,51.88,2.22,1.0,461.11
CUST_0284,2616.26,413.43,1.0,1092.68,444.38,1.0,147.16,21.66,1.0,128.5,79.06,1.0,1478.47
CUST_0285,2053.23,60.65,1.0,600.17,261.82,1.0,397.03,222.18,1.0,150.26,121.35,1.0,1508.29
CUST_0286,2867.64,476.34,1.0,1792.59,130.38,1.0,170.24,50.4,1.0,47.34,11.41,1.0,645.18
CUST_0287,727.21,121.56,1.0,1075.39,197.06,1.0,134.34,127.77,1.0,167.52,130.12,1.0,-241.85
CUST_0288,2129.8,506.67,1.0,1852.99,308.71,1.0,420.1,382.29,1.0,77.87,59.43,1.0,59.48
CUST_0289,1034.82,351.5,1.0,1203.6,296.88,1.0,329.72,177.48,1.0,195.57,120.68,1.0,-300.75
CUST_0290,1310.03,234.71,1.0,921.59,252.5,1.0,125.89,61.89,1.0,177.23,135.25,1.0,384.21
CUST_0291,4428.33,1733.97,1.0,144.89,69.85,1.0,188.55,72.45,1.0,73.17,46.89,1.0,2529.5
CUST_0292,1509.1,579.09,1.0,992.84,273.57,1.0,202.64,147.23,1.0,48.09,30.59,1.0,172.83
CUST_0293,1029.64,60.03,1.0,156.27,15.01,1.0,348.66,217.12,1.0,39.84,32.44,1.0,704.21
CUST_0294,4371.18,2148.27,1.0,1765.28,804.21,1.0,4.71,2.92,1.0,173.01,128.54,1.0,1304.52
CUST_0295,2609.19,1256.62,1.0,1763.66,19.53,1.0,131.77,116.29,1.0,165.56,119.13,1.0,-360.61
CUST_0296,4184.57,1264.78,1.0,1039.76,390.49,1.0,218.88,101.6,1.0,184.76,130.74,1.0,2207.26
CUST_0297,4056.98,598.84,1.0,487.12,220.33,1.0,30.09,3.38,1.0,40.14,19.48,1.0,3185.3
CUST_0298,1149.94,145.91,1.0,138.2,5.01,1.0,129.15,42.54,1.0,116.71,23.38,1.0,877.56
CUST_0299,2549.08,1086.0,1.0,1142.39,312.67,1.0,400.0,320.56,1.0,142.22,24.93,1.0,671.21
CUST_0300,3090.92,701.88,1.0,571.03,192.82,1.0,479.02,311.8,1.0,191.33,127.35,1.0,1907.59
CUST_0301,3624.63,1437.3,1.0,1599.05,136.24,1.0,183.04,166.09,1.0,65.97,17.09,1.0,756.45
CUST_0302,3728.97,682.05,1.0,321.99,87.84,1.0,35.09,20.44,1.0,57.87,20.76,1.0,2835.23
CUST_0303,1156.73,223.0,1.0,1523.82,302.87,1.0,326.51,270.29,1.0,69.11,58.99,1.0,-333.32
CUST_0304,4366.97,2045.06,1.0,1054.18,287.81,1.0,276.04,210.47,1.0,35.45,11.15,1.0,1514.27
CUST_0305,2507.86,1223.31,1.0,1700.9,531.86,1.0,470.31,319.27,1.0,86.88,72.41,1.0,-21.06
CUST_0306,1821.02,427.48,1.0,331.22,46.9,1.0,383.4,43.02,1.0,192.92,94.63,1.0,867.13
CUST_0307,4518.14,1417.99,1.0,642.46,109.03,1.0,439.23,251.72,1.0,124.6,73.92,1.0,2429.89
CUST_0308,4829.33,1244.93,1.0,127.44,10.13,1.0,256.82,127.67,1.0,110.43,109.88,1.0,3338.49
CUST_0309,4851.74,791.63,1.0,947.56,60.31,1.0,181.36,179.62,1.0,197.28,0.44,1.0,3367.96
CUST_0310,4559.95,265.92,1.0,846.21,310.83,1.0,111.44,82.86,1.0,161.63,64.13,1.0,3827.57
CUST_0311,4500.27,1366.3,1.0,448.25,49.61,1.0,142.04,11.37,1.0,78.71,57.4,1.0,2625.97
CUST_0312,2127.26,588.42,1.0,1708.03,399.35,1.0,442.75,11.26,1.0,42.42,5.08,1.0,-163.99
CUST_0313,3625.72,483.15,1.0,1977.51,636.51,1.0,236.87,1.07,1.0,71.14,67.4,1.0,1569.51
CUST_0314,1466.27,190.02,1.0,597.04,139.12,1.0,268.99,6.53,1.0,153.7,134.62,1.0,574.95
CUST_0315,4377.19,1643.48,1.0,904.54,350.61,1.0,305.49,49.26,1.0,41.88,18.29,1.0,1947.14
CUST_0316,2794.55,514.96,1.0,1301.74,231.51,1.0,76.71,41.98,1.0,82.68,22.08,1.0,1235.23
CUST_0317,964.42,367.39,1.0,1818.81,874.11,1.0,493.76,173.1,1.0,75.7,4.23,1.0,-596.86
CUST_0318,1204.99,159.44,1.0,1467.21,64.23,1.0,467.64,318.78,1.0,166.75,75.04,1.0,-414.58
CUST_0319,2366.0,420.14,1.0,1934.15,520.91,1.0,355.4,125.63,1.0,27.1,19.58,1.0,310.37
CUST_0320,4123.55,1713.04,1.0,611.64,39.06,1.0,425.43,288.7,1.0,69.02,25.6,1.0,1744.62
CUST_0321,4189.0,200.21,1.0,502.93,56.65,1.0,26.73,14.82,1.0,33.49,27.91,1.0,3536.18
CUST_0322,1890.72,110.63,1.0,1576.55,548.83,1.0,201.97,84.38,1.0,77.29,17.52,1.0,694.55
CUST_0323,734.55,35.14,1.0,411.28,140.3,1.0,173.27,128.05,1.0,137.68,56.59,1.0,464.3
CUST_0324,3360.44,1391.84,1.0,163.42,29.92,1.0,344.57,82.29,1.0,69.56,32.89,1.0,1609.49
CUST_0325,814.74,264.73,1.0,970.51,122.85,1.0,482.6,105.65,1.0,141.61,131.53,1.0,-664.52
CUST_0326,3445.84,353.56,1.0,478.22,118.15,1.0,253.35,231.78,1.0,163.64,106.71,1.0,2767.57
CUST_0327,4024.49,1841.36,1.0,1573.78,719.59,1.0,325.03,290.61,1.0,150.62,104.74,1.0,1340.4
CUST_0328,3587.83,34.76,1.0,656.18,261.67,1.0,394.53,271.03,1.0,12.27,3.19,1.0,3044.14
CUST_0329,4473.93,1364.19,1.0,1133.25,411.15,1.0,329.56,147.45,1.0,40.97,26.33,1.0,2220.17
CUST_0330,1822.85,219.87,1.0,401.86,82.03,1.0,476.34,243.31,1.0,6.05,5.29,1.0,1050.88
CUST_0331,2613.24,720.1,1.0,1282.38,37.26,1.0,73.66,37.84,1.0,184.92,12.29,1.0,784.83
CUST_0332,1646.36,768.84,1.0,418.69,124.78,1.0,355.47,333.45,1.0,9.04,8.14,1.0,562.49
CUST_0333,3579.23,1367.52,1.0,1572.8,82.49,1.0,383.17,342.88,1.0,15.54,15.46,1.0,681.19
CUST_0334,2442.11,153.51,1.0,609.08,22.3,1.0,466.38,209.41,1.0,112.27,96.79,1.0,1460.33
CUST_0335,4364.34,1379.58,1.0,1123.43,536.35,1.0,182.79,151.63,1.0,95.01,16.32,1.0,2445.21
CUST_0336,2228.17,500.41,1.0,1595.98,4.58,1.0,43.79,2.98,1.0,116.74,80.51,1.0,131.78
CUST_0337,3188.27,1184.88,1.0,1297.2,621.43,1.0,38.82,23.68,1.0,170.65,12.53,1.0,1470.6
CUST_0338,2412.91,247.14,1.0,1605.7,88.59,1.0,171.43,162.36,1.0,137.06,133.33,1.0,643.32
CUST_0339,1505.95,643.99,1.0,639.87,167.58,1.0,66.91,38.28,1.0,187.6,21.39,1.0,527.25
CUST_0340,4426.2,611.95,1.0,643.37,289.1,1.0,460.75,424.83,1.0,111.78,74.45,1.0,3461.39
CUST_0341,3320.85,1637.41,1.0,737.97,281.74,1.0,256.59,18.46,1.0,140.56,4.53,1.0,1125.11
CUST_0342,4587.13,389.2,1.0,1275.75,40.14,1.0,138.78,28.07,1.0,154.31,99.45,1.0,2906.47
CUST_0343,1526.83,237.69,1.0,1788.32,555.77,1.0,463.9,63.35,1.0,96.33,14.93,1.0,-262.56
CUST_0344,1204.63,312.11,1.0,926.77,393.7,1.0,375.16,309.39,1.0,88.99,76.75,1.0,305.92
CUST_0345,1517.22,253.91,1.0,1360.98,499.89,1.0,439.76,62.65,1.0,62.35,52.65,1.0,34.81
CUST_0346,2519.72,1178.14,1.0,978.84,225.71,1.0,355.59,299.48,1.0,80.44,47.1,1.0,565.68
CUST_0347,3110.82,1541.34,1.0,471.68,9.6,1.0,215.57,131.36,1.0,165.07,21.74,1.0,1166.52
CUST_0348,1599.99,701.1,1.0,1930.96,61.46,1.0,478.89,434.67,1.0,189.72,54.5,1.0,-879.61
CUST_0349,1792.72,542.29,1.0,546.17,67.61,1.0,369.49,320.81,1.0,127.01,79.93,1.0,770.27
CUST_0350,4258.89,616.12,1.0,1388.47,238.48,1.0,7.12,1.64,1.0,100.07,63.36,1.0,2524.01
CUST_0351,3544.66,59.48,1.0,1463.06,100.46,1.0,375.81,320.34,1.0,6.51,3.2,1.0,2070.42
CUST_0352,1107.14,344.07,1.0,583.99,159.72,1.0,430.33,353.52,1.0,140.56,34.08,1.0,368.47
CUST_0353,2600.21,1134.69,1.0,142.14,1.51,1.0,10.13,8.89,1.0,132.25,68.85,1.0,1387.05
CUST_0354,4452.63,155.9,1.0,668.78,14.32,1.0,454.81,58.55,1.0,60.07,42.74,1.0,3263.34
CUST_0355,4305.5,844.28,1.0,1342.06,16.29,1.0,23.34,1.5,1.0,105.39,87.95,1.0,2131.05
CUST_0356,656.12,89.0,1.0,316.16,80.64,1.0,217.64,161.15,1.0,165.91,134.7,1.0,306.32
CUST_0357,2748.7,984.88,1.0,972.58,475.89,1.0,428.66,276.64,1.0,45.28,40.49,1.0,1119.9
CUST_0358,1048.88,100.65,1.0,1746.32,188.58,1.0,42.72,25.3,1.0,29.48,3.15,1.0,-600.6
CUST_0359,2930.4,909.2,1.0,854.95,83.6,1.0,404.0,126.84,1.0,99.84,80.07,1.0,992.46
CUST_0360,2257.38,546.17,1.0,1415.31,176.61,1.0,459.78,133.13,1.0,8.4,7.43,1.0,146.83
CUST_0361,4366.82,250.52,1.0,1041.16,431.55,1.0,206.55,173.35,1.0,125.0,70.02,1.0,3528.47
CUST_0362,3855.41,739.87,1.0,1185.12,195.12,1.0,283.39,171.26,1.0,130.17,70.57,1.0,2073.01
CUST_0363,2722.4,551.3,1.0,382.39,54.59,1.0,292.95,281.04,1.0,87.32,3.22,1.0,1915.49
CUST_0364,2675.93,223.02,1.0,1341.03,262.42,1.0,426.62,326.99,1.0,152.19,3.21,1.0,1423.65
CUST_0365,2976.21,228.99,1.0,1553.16,356.31,1.0,186.99,171.61,1.0,121.54,6.48,1.0,1650.05
CUST_0366,2842.71,19.52,1.0,481.44,36.72,1.0,468.19,302.42,1.0,30.88,26.38,1.0,2217.2
CUST_0367,4822.13,1123.06,1.0,273.91,136.24,1.0,136.0,124.08,1.0,111.63,18.55,1.0,3642.56
CUST_0368,4481.22,1815.41,1.0,755.74,357.42,1.0,100.55,3.19,1.0,120.03,65.83,1.0,2224.33
CUST_0369,1349.36,596.29,1.0,1485.94,31.46,1.0,324.91,66.0,1.0,137.49,115.98,1.0,-938.81
CUST_0370,3084.0,192.09,1.0,1836.33,19.5,1.0,113.38,100.78,1.0,150.13,6.5,1.0,1206.11
CUST_0371,1769.32,21.74,1.0,1807.21,603.03,1.0,114.44,31.65,1.0,112.89,57.91,1.0,515.59
CUST_0372,1476.13,522.95,1.0,351.54,170.12,1.0,472.21,293.29,1.0,150.76,33.27,1.0,710.33
CUST_0373,3856.34,278.58,1.0,478.31,1.29,1.0,231.61,177.39,1.0,111.5,110.56,1.0,3047.46
CUST_0374,1351.81,280.42,1.0,1356.8,20.78,1.0,489.64,184.31,1.0,109.1,47.29,1.0,-508.15
CUST_0375,2046.74,416.24,1.0,1584.6,298.41,1.0,138.56,86.32,1.0,50.53,3.6,1.0,339.0
CUST_0376,3155.96,1201.47,1.0,1641.13,434.88,1.0,288.32,145.26,1.0,140.22,137.74,1.0,607.66
CUST_0377,2558.86,540.63,1.0,153.63,0.92,1.0,419.41,133.3,1.0,49.18,19.3,1.0,1609.29
CUST_0378,861.02,406.83,1.0,1359.69,471.06,1.0,267.89,159.49,1.0,139.18,14.78,1.0,-418.44
CUST_0379,4704.72,1065.49,1.0,127.15,34.23,1.0,475.52,307.5,1.0,137.19,88.73,1.0,3426.75
CUST_0380,4528.03,418.51,1.0,1071.25,487.46,1.0,497.8,95.75,1.0,135.65,110.02,1.0,3149.31
CUST_0381,3565.54,1601.43,1.0,977.72,202.31,1.0,334.34,231.85,1.0,159.53,78.31,1.0,1167.43
CUST_0382,2583.43,695.72,1.0,653.57,209.82,1.0,287.68,194.82,1.0,102.0,56.84,1.0,1396.26
CUST_0383,1395.12,308.42,1.0,1884.67,507.08,1.0,266.23,46.1,1.0,186.84,144.99,1.0,-469.17
CUST_0384,2455.46,493.38,1.0,1972.0,981.24,1.0,305.47,155.32,1.0,157.78,58.84,1.0,920.11
CUST_0385,653.53,179.73,1.0,1493.04,653.05,1.0,469.65,255.26,1.0,19.37,10.36,1.0,-571.57
CUST_0386,2937.27,205.91,1.0,1578.7,74.75,1.0,150.92,114.15,1.0,17.67,15.32,1.0,1192.99
CUST_0387,1057.67,199.37,1.0,550.38,56.41,1.0,38.78,15.13,1.0,50.17,6.11,1.0,384.74
CUST_0388,1949.95,23.92,1.0,1017.44,421.15,1.0,80.69,70.15,1.0,15.96,12.4,1.0,1322.76
CUST_0389,4837.72,1664.87,1.0,1991.77,207.7,1.0,44.04,37.18,1.0,40.95,18.73,1.0,1404.14
CUST_0390,4886.12,2441.75,1.0,877.1,136.4,1.0,319.2,124.7,1.0,60.92,12.53,1.0,1557.56
CUST_0391,1835.07,272.64,1.0,907.65,119.93,1.0,326.73,295.85,1.0,11.28,7.77,1.0,747.34
CUST_0392,2895.13,102.97,1.0,1142.1,181.7,1.0,41.4,4.98,1.0,114.68,0.16,1.0,1909.86
CUST_0393,844.09,384.55,1.0,1396.65,344.25,1.0,164.71,39.44,1.0,169.71,118.27,1.0,-666.69
CUST_0394,1656.35,152.99,1.0,709.15,139.81,1.0,456.19,215.88,1.0,1.3,0.39,1.0,694.62
CUST_0395,757.35,254.47,1.0,537.03,66.52,1.0,250.23,101.04,1.0,29.97,22.88,1.0,-109.73
CUST_0396,2124.76,233.37,1.0,1921.9,309.3,1.0,98.64,14.57,1.0,180.81,68.62,1.0,306.91
CUST_0397,2241.72,68.38,1.0,1012.34,376.91,1.0,80.03,51.22,1.0,195.31,150.28,1.0,1554.13
CUST_0398,3284.71,1476.44,1.0,661.98,59.11,1.0,247.25,129.36,1.0,50.8,0.44,1.0,1137.87
CUST_0399,1149.11,71.11,1.0,235.96,12.37,1.0,203.99,97.44,1.0,181.3,143.91,1.0,785.25
CUST_0400,1669.33,742.15,1.0,320.52,97.44,1.0,73.96,46.43,1.0,81.02,78.6,1.0,678.99
CUST_0401,4365.92,447.87,1.0,652.94,93.37,1.0,144.75,75.63,1.0,142.05,91.5,1.0,3339.91
CUST_0402,1448.97,328.65,1.0,1706.8,705.12,1.0,97.33,5.11,1.0,145.21,27.58,1.0,144.05
CUST_0403,4929.58,1484.98,1.0,1320.35,601.46,1.0,458.79,265.79,1.0,6.39,0.37,1.0,2538.73
CUST_0404,3225.08,295.29,1.0,1445.4,211.89,1.0,189.83,167.19,1.0,86.53,19.53,1.0,1740.64
CUST_0405,4300.68,1572.18,1.0,121.82,57.05,1.0,280.99,235.53,1.0,120.0,50.83,1.0,2687.44
CUST_0406,3732.06,1542.92,1.0,934.77,137.1,1.0,237.37,119.66,1.0,96.09,36.05,1.0,1333.8
CUST_0407,4688.94,1950.68,1.0,648.91,279.63,1.0,48.31,24.67,1.0,39.41,2.3,1.0,2382.45
CUST_0408,2923.65,1321.1,1.0,421.9,9.08,1.0,440.97,153.11,1.0,48.62,3.27,1.0,947.22
CUST_0409,3559.5,756.2,1.0,1355.4,161.8,1.0,263.66,95.84,1.0,64.76,36.87,1.0,1469.77
CUST_0410,4456.21,1104.62,1.0,935.76,53.47,1.0,81.76,16.34,1.0,164.18,2.13,1.0,2565.93
CUST_0411,871.8,2.59,1.0,1746.04,337.67,1.0,448.24,294.06,1.0,121.25,83.85,1.0,-655.94
CUST_0412,4930.62,1932.43,1.0,1064.87,211.58,1.0,6.57,4.18,1.0,21.79,18.2,1.0,2146.1
CUST_0413,4936.43,2153.16,1.0,1143.12,385.57,1.0,221.81,133.66,1.0,5.36,3.64,1.0,1939.29
CUST_0414,630.71,47.41,1.0,1464.67,134.62,1.0,53.65,13.72,1.0,102.41,85.35,1.0,-769.62
CUST_0415,1217.21,333.12,1.0,952.1,397.1,1.0,249.21,92.75,1.0,173.44,15.6,1.0,330.47
CUST_0416,532.11,11.19,1.0,1157.66,239.52,1.0,148.95,53.11,1.0,192.15,139.94,1.0,-440.85
CUST_0417,836.09,305.5,1.0,815.74,70.7,1.0,189.91,7.21,1.0,116.22,66.8,1.0,-347.73
CUST_0418,2114.63,886.55,1.0,341.64,88.94,1.0,256.02,171.12,1.0,95.33,70.91,1.0,914.9
CUST_0419,2418.86,761.33,1.0,727.58,289.67,1.0,17.74,10.33,1.0,44.7,37.79,1.0,1219.12
CUST_0420,2279.52,247.51,1.0,1649.75,414.69,1.0,90.49,7.51,1.0,175.43,28.86,1.0,860.54
CUST_0421,4236.52,564.58,1.0,197.84,4.73,1.0,359.55,32.09,1.0,112.59,8.65,1.0,3255.31
CUST_0422,3964.2,403.56,1.0,939.73,399.83,1.0,225.22,16.61,1.0,72.5,34.98,1.0,2849.65
CUST_0423,1349.25,181.4,1.0,271.28,41.39,1.0,100.17,12.19,1.0,91.37,11.14,1.0,930.21
CUST_0424,3475.08,542.08,1.0,521.83,33.81,1.0,62.81,52.12,1.0,25.44,15.27,1.0,2444.46
CUST_0425,4895.39,2075.72,1.0,367.52,90.32,1.0,494.12,293.34,1.0,89.04,37.62,1.0,2393.11
CUST_0426,3102.54,510.64,1.0,1150.61,519.81,1.0,453.46,178.42,1.0,36.13,16.2,1.0,1705.99
CUST_0427,2637.73,1159.05,1.0,872.43,382.69,1.0,209.07,154.22,1.0,9.19,4.62,1.0,938.66
CUST_0428,4720.94,2265.7,1.0,608.45,244.14,1.0,273.74,217.43,1.0,152.18,141.53,1.0,2045.27
CUST_0429,1781.04,147.28,1.0,109.1,5.47,1.0,350.41,268.91,1.0,167.26,158.27,1.0,1457.62
CUST_0430,781.5,249.48,1.0,1042.18,137.57,1.0,145.4,106.51,1.0,5.93,3.08,1.0,-408.63
CUST_0431,3558.35,993.57,1.0,397.5,168.23,1.0,326.82,131.6,1.0,173.32,24.07,1.0,2289.54
CUST_0432,2304.16,1150.02,1.0,174.05,16.92,1.0,408.7,350.33,1.0,55.31,14.3,1.0,979.65
CUST_0433,3263.22,62.64,1.0,1730.34,137.99,1.0,115.01,8.93,1.0,165.61,143.03,1.0,1524.73
CUST_0434,3070.09,422.87,1.0,1834.51,140.63,1.0,254.27,114.29,1.0,67.87,45.56,1.0,835.67
CUST_0435,1236.86,115.69,1.0,1348.18,205.13,1.0,254.35,141.75,1.0,90.07,42.39,1.0,-86.8
CUST_0436,2480.76,500.17,1.0,1469.89,673.37,1.0,74.21,55.75,1.0,168.65,37.19,1.0,1297.07
CUST_0437,3322.59,581.68,1.0,872.74,397.83,1.0,95.38,70.26,1.0,184.17,70.34,1.0,2354.71
CUST_0438,1693.45,185.02,1.0,266.09,65.21,1.0,152.94,136.51,1.0,149.37,1.7,1.0,1438.79
CUST_0439,1759.3,81.43,1.0,814.9,128.65,1.0,286.19,153.29,1.0,14.46,14.31,1.0,858.87
CUST_0440,2744.82,986.97,1.0,1329.53,615.12,1.0,215.94,32.98,1.0,119.67,93.65,1.0,886.5
CUST_0441,3790.12,1882.87,1.0,614.67,125.97,1.0,250.62,154.16,1.0,184.64,125.55,1.0,1381.18
CUST_0442,1294.4,172.86,1.0,740.06,154.8,1.0,163.0,113.7,1.0,26.74,7.05,1.0,506.67
CUST_0443,3086.34,1449.41,1.0,1657.14,338.79,1.0,125.46,123.68,1.0,86.19,3.16,1.0,399.83
CUST_0444,2737.89,382.41,1.0,1022.27,441.0,1.0,413.64,270.47,1.0,58.44,16.13,1.0,1673.35
CUST_0445,544.36,51.4,1.0,1515.38,74.89,1.0,488.14,12.67,1.0,193.07,49.21,1.0,-1279.14
CUST_0446,3434.27,363.07,1.0,1635.79,804.08,1.0,485.23,427.93,1.0,12.9,2.02,1.0,2193.07
CUST_0447,3829.58,139.33,1.0,788.77,289.19,1.0,152.85,10.44,1.0,103.04,76.06,1.0,3075.24
CUST_0448,530.75,191.13,1.0,1204.88,343.05,1.0,474.24,188.51,1.0,22.78,17.68,1.0,-802.84
CUST_0449,1487.58,310.63,1.0,1923.73,905.23,1.0,403.37,279.61,1.0,23.01,12.2,1.0,45.5
CUST_0450,3313.57,80.66,1.0,1822.09,48.28,1.0,476.06,414.62,1.0,199.51,97.5,1.0,1499.67
CUST_0451,3632.76,1808.93,1.0,446.31,120.39,1.0,186.6,131.27,1.0,177.72,65.98,1.0,1554.32
CUST_0452,3157.03,153.93,1.0,960.36,410.8,1.0,404.11,363.9,1.0,96.91,54.9,1.0,2455.34
CUST_0453,4130.76,767.96,1.0,723.38,316.98,1.0,135.29,82.04,1.0,47.54,43.4,1.0,2907.29
CUST_0454,2917.53,1411.46,1.0,1335.34,437.98,1.0,72.51,60.79,1.0,137.78,104.16,1.0,630.61
CUST_0455,806.4,184.52,1.0,116.9,4.4,1.0,156.63,92.83,1.0,130.19,55.43,1.0,520.34
CUST_0456,2608.69,1219.5,1.0,1258.92,226.24,1.0,351.45,35.05,1.0,40.09,39.3,1.0,40.9
CUST_0457,636.03,238.04,1.0,955.44,59.68,1.0,187.9,48.26,1.0,197.14,88.81,1.0,-529.08
CUST_0458,1984.09,712.91,1.0,1445.58,505.28,1.0,35.46,6.66,1.0,8.62,3.43,1.0,307.27
CUST_0459,4556.76,1809.57,1.0,1056.27,326.22,1.0,38.25,15.15,1.0,136.54,96.88,1.0,2033.7
CUST_0460,4263.56,2054.15,1.0,920.48,260.74,1.0,126.31,52.48,1.0,123.98,3.67,1.0,1596.15
CUST_0461,2691.68,848.97,1.0,1152.29,353.89,1.0,224.3,177.17,1.0,154.92,98.57,1.0,1053.53
CUST_0462,2472.03,512.37,1.0,1367.34,346.5,1.0,363.43,110.73,1.0,5.2,0.43,1.0,690.89
CUST_0463,2932.96,1007.12,1.0,765.7,257.96,1.0,40.26,3.71,1.0,65.39,36.29,1.0,1410.65
CUST_0464,4849.28,469.31,1.0,1262.01,561.07,1.0,77.31,69.28,1.0,64.35,58.19,1.0,3677.16
CUST_0465,832.21,88.86,1.0,1109.73,294.18,1.0,465.47,423.56,1.0,17.33,8.44,1.0,-105.22
CUST_0466,956.66,344.35,1.0,219.83,55.11,1.0,117.7,23.42,1.0,158.07,115.12,1.0,396.26
CUST_0467,1124.35,12.34,1.0,512.84,194.08,1.0,363.88,45.07,1.0,145.57,128.69,1.0,491.32
CUST_0468,4194.88,580.54,1.0,130.24,28.77,1.0,448.94,198.39,1.0,194.04,179.12,1.0,3277.24
CUST_0469,1717.06,336.73,1.0,1766.29,412.36,1.0,200.4,76.32,1.0,147.55,29.24,1.0,20.63
CUST_0470,972.0,261.0,1.0,972.44,398.72,1.0,331.91,211.96,1.0,164.39,142.42,1.0,39.3
CUST_0471,4621.09,2075.16,1.0,738.28,324.26,1.0,85.18,67.36,1.0,165.27,161.56,1.0,2117.8
CUST_0472,1489.13,215.43,1.0,1655.75,280.57,1.0,137.2,100.59,1.0,55.5,49.0,1.0,-131.59
CUST_0473,2230.82,528.2,1.0,405.62,173.89,1.0,361.5,61.49,1.0,91.08,90.39,1.0,1171.57
CUST_0474,3127.81,1164.59,1.0,1093.75,485.46,1.0,146.07,141.26,1.0,20.37,16.94,1.0,1353.55
CUST_0475,2725.75,29.12,1.0,869.74,314.45,1.0,398.72,22.96,1.0,33.98,0.93,1.0,1798.63
CUST_0476,4421.97,658.49,1.0,1000.28,165.67,1.0,272.09,262.24,1.0,128.73,91.7,1.0,2956.05
CUST_0477,4837.86,632.88,1.0,658.3,258.11,1.0,155.49,111.97,1.0,140.66,71.89,1.0,3830.04
CUST_0478,2875.63,1007.0,1.0,393.89,120.15,1.0,105.65,3.55,1.0,14.92,10.6,1.0,1497.11
CUST_0479,4136.9,1275.91,1.0,251.49,63.54,1.0,251.57,87.68,1.0,198.47,43.69,1.0,2663.93
CUST_0480,1540.52,671.08,1.0,1316.75,375.02,1.0,201.27,138.08,1.0,141.53,51.07,1.0,-45.02
CUST_0481,3642.93,1671.62,1.0,1467.86,42.11,1.0,140.21,132.52,1.0,19.16,13.44,1.0,543.59
CUST_0482,4724.78,900.36,1.0,505.49,30.96,1.0,478.8,329.24,1.0,176.22,28.96,1.0,3347.59
CUST_0483,1694.38,232.79,1.0,165.28,6.23,1.0,14.75,6.93,1.0,118.03,54.82,1.0,1357.93
CUST_0484,1099.47,99.72,1.0,418.41,27.6,1.0,441.94,288.54,1.0,165.26,134.79,1.0,486.01
CUST_0485,4821.88,2113.49,1.0,1177.12,544.68,1.0,471.8,358.86,1.0,144.71,137.0,1.0,1970.72
CUST_0486,3395.27,109.94,1.0,1763.11,240.87,1.0,471.91,159.65,1.0,75.45,74.1,1.0,1452.18
CUST_0487,1806.79,472.54,1.0,703.22,87.55,1.0,85.1,23.63,1.0,123.97,20.99,1.0,760.09
CUST_0488,3635.03,773.84,1.0,910.68,81.57,1.0,466.9,71.05,1.0,112.54,42.54,1.0,1706.23
CUST_0489,2042.97,389.6,1.0,807.74,256.58,1.0,147.37,25.14,1.0,159.81,15.04,1.0,1124.75
CUST_0490,762.64,362.74,1.0,1495.66,555.73,1.0,430.18,349.13,1.0,146.2,7.52,1.0,-482.4
CUST_0491,2324.46,735.5,1.0,951.68,347.33,1.0,402.36,42.59,1.0,160.86,1.69,1.0,784.01
CUST_0492,2838.2,1292.2,1.0,403.2,81.13,1.0,491.6,52.75,1.0,67.52,38.22,1.0,814.38
CUST_0493,1347.03,128.69,1.0,1258.26,249.38,1.0,322.3,5.75,1.0,1.13,0.77,1.0,-106.73
CUST_0494,2471.33,1029.75,1.0,1556.62,550.39,1.0,417.9,90.36,1.0,27.48,3.69,1.0,131.6
CUST_0495,1108.47,380.08,1.0,1918.06,731.27,1.0,247.59,231.18,1.0,79.51,25.93,1.0,-421.23
CUST_0496,1116.3,415.07,1.0,1535.81,366.41,1.0,421.63,68.87,1.0,168.84,157.1,1.0,-809.19
CUST_0497,2148.53,619.01,1.0,1383.32,143.06,1.0,47.75,42.06,1.0,89.27,14.15,1.0,358.69
CUST_0498,3276.65,476.77,1.0,1546.27,501.52,1.0,313.54,3.8,1.0,4.37,0.22,1.0,1449.54
CUST_0499,2654.06,213.03,1.0,1431.02,492.18,1.0,186.66,56.07,1.0,183.49,97.9,1.0,1457.19
CUST_0500,4914.85,416.81,1.0,1747.81,151.75,1.0,104.01,86.33,1.0,177.61,51.59,1.0,3010.32
CUST_0501,1005.46,401.58,1.0,1798.84,447.45,1.0,10.81,9.9,1.0,144.68,92.03,1.0,-695.77
CUST_0502,3288.56,401.33,1.0,362.94,124.75,1.0,251.14,138.48,1.0,32.44,0.82,1.0,2568.0
CUST_0503,2602.86,257.1,1.0,1207.92,203.07,1.0,347.55,343.96,1.0,24.22,15.99,1.0,1345.55
CUST_0504,961.12,384.54,1.0,1487.62,90.45,1.0,278.43,223.1,1.0,140.52,57.88,1.0,-793.28
CUST_0505,4264.95,160.02,1.0,761.28,349.68,1.0,235.26,145.28,1.0,9.83,8.68,1.0,3604.5
CUST_0506,3739.04,755.08,1.0,1189.7,485.2,1.0,251.24,215.34,1.0,89.97,63.94,1.0,2269.59
CUST_0507,3027.13,424.15,1.0,1468.46,526.72,1.0,355.45,138.69,1.0,58.26,2.38,1.0,1500.36
CUST_0508,3443.83,426.83,1.0,1848.34,665.96,1.0,411.91,74.42,1.0,163.76,35.31,1.0,1625.58
CUST_0509,607.63,38.51,1.0,1682.05,664.19,1.0,479.2,395.79,1.0,20.53,2.98,1.0,-514.6
CUST_0510,930.31,417.42,1.0,961.46,155.51,1.0,32.13,14.33,1.0,158.17,91.08,1.0,-243.77
CUST_0511,4344.57,1740.03,1.0,1432.14,332.52,1.0,89.15,0.56,1.0,74.22,69.81,1.0,1420.74
CUST_0512,4905.17,18.2,1.0,700.83,148.37,1.0,336.6,244.75,1.0,27.81,1.23,1.0,4269.24
CUST_0513,557.1,248.63,1.0,454.2,131.94,1.0,141.31,42.12,1.0,175.6,148.86,1.0,-86.24
CUST_0514,1974.97,66.88,1.0,452.33,21.75,1.0,237.35,28.29,1.0,168.9,36.29,1.0,1401.06
CUST_0515,937.98,138.51,1.0,517.95,40.06,1.0,244.9,129.73,1.0,177.82,123.41,1.0,260.82
CUST_0516,3503.09,511.54,1.0,336.92,158.74,1.0,474.11,79.45,1.0,194.03,47.32,1.0,2565.42
CUST_0517,4297.31,720.45,1.0,432.06,165.75,1.0,417.31,161.62,1.0,40.3,1.5,1.0,3093.66
CUST_0518,952.05,323.78,1.0,223.96,28.69,1.0,285.39,220.29,1.0,102.47,72.6,1.0,397.77
CUST_0519,2201.31,499.1,1.0,891.18,327.79,1.0,148.08,105.68,1.0,34.91,17.77,1.0,1113.56
CUST_0520,1634.03,267.11,1.0,1645.12,131.2,1.0,482.64,151.43,1.0,80.51,79.9,1.0,-477.6
CUST_0521,2693.33,920.41,1.0,917.46,91.01,1.0,455.86,372.93,1.0,67.73,43.08,1.0,888.19
CUST_0522,663.06,306.84,1.0,711.42,92.81,1.0,268.72,238.87,1.0,18.17,8.17,1.0,-282.24
CUST_0523,3235.34,568.12,1.0,111.87,52.53,1.0,356.44,36.66,1.0,161.55,152.25,1.0,2297.4
CUST_0524,4360.58,648.15,1.0,1477.48,233.31,1.0,182.57,149.81,1.0,27.64,17.43,1.0,2445.71
CUST_0525,3283.31,350.38,1.0,1869.65,485.98,1.0,269.97,110.93,1.0,120.07,98.86,1.0,1411.43
CUST_0526,1122.76,172.09,1.0,724.38,61.95,1.0,183.42,174.35,1.0,122.6,12.33,1.0,389.44
CUST_0527,1693.96,772.42,1.0,1964.88,788.8,1.0,258.19,150.65,1.0,30.95,16.85,1.0,-347.98
CUST_0528,2595.71,595.55,1.0,1441.64,410.79,1.0,421.87,198.73,1.0,153.47,133.19,1.0,766.45
CUST_0529,1658.23,625.5,1.0,1994.05,728.86,1.0,19.16,14.63,1.0,82.69,74.83,1.0,-229.13
CUST_0530,1640.63,155.33,1.0,761.79,326.09,1.0,491.31,129.26,1.0,163.59,118.15,1.0,732.99
CUST_0531,4361.37,1907.09,1.0,1073.14,208.91,1.0,261.35,145.12,1.0,42.12,16.65,1.0,1499.29
CUST_0532,3025.7,1442.09,1.0,777.03,176.71,1.0,444.39,385.04,1.0,102.2,45.75,1.0,980.39
CUST_0533,1411.18,101.28,1.0,385.22,57.55,1.0,257.7,55.44,1.0,185.61,59.15,1.0,906.43
CUST_0534,4755.41,287.53,1.0,336.91,25.69,1.0,379.25,334.1,1.0,22.77,7.77,1.0,4126.51
CUST_0535,945.13,433.84,1.0,902.61,251.12,1.0,353.27,322.9,1.0,145.95,114.6,1.0,-139.22
CUST_0536,4910.74,645.64,1.0,820.75,266.27,1.0,479.89,353.5,1.0,51.34,37.18,1.0,3598.39
CUST_0537,751.57,295.27,1.0,195.68,5.28,1.0,304.67,78.81,1.0,20.11,0.19,1.0,59.96
CUST_0538,3298.9,262.99,1.0,1465.83,372.63,1.0,68.12,7.72,1.0,125.36,4.46,1.0,2003.21
CUST_0539,1931.89,60.57,1.0,1955.41,746.42,1.0,236.58,113.1,1.0,145.26,121.53,1.0,562.58
CUST_0540,3693.19,630.91,1.0,1224.56,266.14,1.0,406.31,347.67,1.0,164.23,118.34,1.0,2091.11
CUST_0541,4041.68,616.87,1.0,449.3,66.81,1.0,269.57,157.46,1.0,181.3,77.41,1.0,3034.1
CUST_0542,3735.95,1184.89,1.0,1321.18,145.23,1.0,49.49,5.92,1.0,21.14,2.72,1.0,1349.96
CUST_0543,1253.06,191.77,1.0,277.37,97.46,1.0,208.29,169.87,1.0,56.51,53.38,1.0,846.09
CUST_0544,1884.19,721.69,1.0,991.53,287.26,1.0,356.97,211.75,1.0,65.86,20.21,1.0,358.66
CUST_0545,3039.53,1334.95,1.0,158.97,28.94,1.0,316.14,171.07,1.0,48.28,31.91,1.0,1445.85
CUST_0546,2388.55,686.22,1.0,1432.23,380.47,1.0,196.93,128.77,1.0,24.57,6.36,1.0,600.62
CUST_0547,628.13,137.81,1.0,983.69,360.98,1.0,10.04,0.24,1.0,117.36,109.61,1.0,-134.44
CUST_0548,2385.76,980.95,1.0,592.04,101.57,1.0,434.23,303.46,1.0,158.78,2.21,1.0,940.14
CUST_0549,740.92,149.06,1.0,1106.17,167.61,1.0,332.02,77.89,1.0,109.12,86.21,1.0,-577.92
CUST_0550,1441.32,624.26,1.0,1092.3,513.05,1.0,330.59,255.38,1.0,22.11,22.05,1.0,162.66
CUST_0551,3460.05,1227.38,1.0,598.68,51.78,1.0,445.34,414.17,1.0,29.47,29.15,1.0,1654.92
CUST_0552,4121.34,1620.33,1.0,1713.77,317.51,1.0,283.44,33.43,1.0,194.65,162.24,1.0,887.15
CUST_0553,2945.61,1202.86,1.0,1148.29,81.08,1.0,266.78,14.57,1.0,44.47,12.59,1.0,455.21
CUST_0554,2309.7,336.15,1.0,105.9,25.49,1.0,448.46,221.17,1.0,91.93,14.33,1.0,1743.45
CUST_0555,2903.94,623.34,1.0,1408.83,576.23,1.0,377.59,160.16,1.0,56.48,34.17,1.0,1252.88
CUST_0556,2272.02,783.84,1.0,581.08,97.94,1.0,334.8,139.22,1.0,2.89,2.44,1.0,809.91
CUST_0557,3274.7,1322.39,1.0,880.43,200.81,1.0,205.22,2.69,1.0,121.46,83.81,1.0,1107.81
CUST_0558,2037.4,100.11,1.0,1441.71,75.03,1.0,198.8,137.79,1.0,63.17,2.61,1.0,570.16
CUST_0559,3682.72,1745.1,1.0,1268.29,6.98,1.0,261.01,74.05,1.0,133.35,103.47,1.0,519.23
CUST_0560,4813.78,581.89,1.0,918.61,289.78,1.0,351.51,256.1,1.0,179.12,163.42,1.0,3523.35
CUST_0561,2607.09,398.05,1.0,861.61,50.27,1.0,213.31,193.9,1.0,107.84,95.11,1.0,1391.02
CUST_0562,4499.92,437.82,1.0,481.33,118.79,1.0,3.65,3.08,1.0,156.33,116.34,1.0,3738.98
CUST_0563,1066.14,24.76,1.0,1162.48,436.19,1.0,333.07,55.11,1.0,107.84,34.36,1.0,110.61
CUST_0564,3967.52,1879.26,1.0,1273.91,555.06,1.0,31.38,29.7,1.0,40.16,3.61,1.0,1404.28
CUST_0565,2489.47,859.13,1.0,512.88,163.55,1.0,457.37,452.04,1.0,191.51,78.84,1.0,1388.35
CUST_0566,3551.17,848.85,1.0,186.76,65.79,1.0,5.59,3.85,1.0,196.88,40.68,1.0,2735.81
CUST_0567,2475.7,443.89,1.0,1992.69,230.7,1.0,377.83,361.11,1.0,96.89,65.83,1.0,284.16
CUST_0568,4543.43,864.64,1.0,384.36,105.36,1.0,229.89,209.03,1.0,50.18,8.68,1.0,3420.43
CUST_0569,574.85,82.46,1.0,1832.36,732.68,1.0,440.81,215.45,1.0,38.36,25.14,1.0,-819.43
CUST_0570,1544.15,52.54,1.0,838.63,14.16,1.0,299.96,163.58,1.0,191.55,19.97,1.0,702.34
CUST_0571,2648.93,952.24,1.0,862.79,68.89,1.0,241.12,177.96,1.0,42.34,37.9,1.0,844.07
CUST_0572,3398.3,812.14,1.0,1264.92,305.63,1.0,478.62,306.29,1.0,14.76,5.26,1.0,1464.04
CUST_0573,2419.53,474.22,1.0,363.66,36.17,1.0,335.37,23.43,1.0,129.03,60.06,1.0,1374.85
CUST_0574,3184.8,57.7,1.0,771.88,23.65,1.0,333.14,285.57,1.0,190.96,112.51,1.0,2409.75
CUST_0575,1780.71,530.83,1.0,560.82,61.41,1.0,250.73,130.19,1.0,51.89,7.0,1.0,674.82
CUST_0576,4479.21,962.43,1.0,655.17,88.02,1.0,237.23,183.39,1.0,32.72,5.53,1.0,2922.98
CUST_0577,667.24,101.88,1.0,1580.22,93.23,1.0,10.33,9.65,1.0,185.23,48.36,1.0,-785.44
CUST_0578,1837.82,247.18,1.0,1533.16,367.71,1.0,380.02,101.03,1.0,166.29,124.64,1.0,187.85
CUST_0579,3259.1,1062.46,1.0,1141.53,481.57,1.0,223.88,86.07,1.0,129.72,29.94,1.0,1498.65
CUST_0580,2346.09,331.03,1.0,1060.59,338.67,1.0,383.45,306.29,1.0,192.51,43.42,1.0,1365.07
CUST_0581,1153.93,222.82,1.0,814.23,395.57,1.0,200.07,75.75,1.0,33.8,32.65,1.0,389.28
CUST_0582,4227.47,2018.87,1.0,406.93,101.26,1.0,406.95,380.96,1.0,177.2,17.68,1.0,2036.46
CUST_0583,1594.66,604.74,1.0,539.25,3.22,1.0,38.98,37.53,1.0,120.04,40.29,1.0,532.19
CUST_0584,3157.91,1143.72,1.0,790.65,2.19,1.0,96.76,91.05,1.0,193.71,158.67,1.0,1255.06
CUST_0585,3167.71,902.63,1.0,460.96,199.36,1.0,145.16,56.67,1.0,77.77,32.75,1.0,1960.01
CUST_0586,4118.61,1475.67,1.0,1586.66,223.06,1.0,419.2,275.48,1.0,125.33,116.14,1.0,1144.81
CUST_0587,1562.33,405.7,1.0,1751.11,478.08,1.0,17.44,2.9,1.0,147.42,90.25,1.0,-73.77
CUST_0588,1750.42,699.06,1.0,1131.46,258.84,1.0,479.98,228.34,1.0,193.59,147.46,1.0,-26.77
CUST_0589,2352.92,379.58,1.0,745.59,36.17,1.0,146.56,30.33,1.0,13.72,11.51,1.0,1149.9
CUST_0590,4741.29,2263.68,1.0,180.98,77.37,1.0,435.76,245.93,1.0,173.12,124.42,1.0,2232.87
CUST_0591,4096.56,2021.74,1.0,152.52,72.42,1.0,275.7,170.23,1.0,87.12,83.62,1.0,1892.75
CUST_0592,4986.49,2262.98,1.0,866.56,182.64,1.0,421.25,68.09,1.0,21.03,6.12,1.0,1701.34
CUST_0593,3461.57,1323.99,1.0,1088.32,299.45,1.0,411.29,336.35,1.0,81.85,43.17,1.0,1312.45
CUST_0594,1083.64,174.42,1.0,411.29,104.62,1.0,388.22,262.96,1.0,9.06,8.81,1.0,477.54
CUST_0595,999.58,482.5,1.0,1094.9,432.12,1.0,448.04,174.63,1.0,63.47,25.78,1.0,-381.42
CUST_0596,2447.57,179.07,1.0,875.92,178.93,1.0,136.0,132.88,1.0,105.56,68.2,1.0,1605.75
CUST_0597,4421.66,1419.89,1.0,912.38,357.46,1.0,387.69,249.51,1.0,199.67,152.93,1.0,2355.41
CUST_0598,1673.46,463.86,1.0,785.14,27.05,1.0,416.86,327.81,1.0,8.46,8.06,1.0,362.86
CUST_0599,4177.53,1460.56,1.0,952.98,415.71,1.0,3.58,2.12,1.0,136.9,134.46,1.0,2180.68
CUST_0600,4092.96,441.43,1.0,424.42,165.72,1.0,423.66,262.22,1.0,14.55,14.21,1.0,3231.73
CUST_0601,1912.57,400.43,1.0,1797.2,108.54,1.0,96.18,36.17,1.0,16.4,7.47,1.0,-227.6
CUST_0602,1870.75,695.15,1.0,1815.58,265.03,1.0,367.49,119.15,1.0,45.53,12.67,1.0,-590.43
CUST_0603,4076.03,914.08,1.0,1483.26,189.88,1.0,119.04,21.08,1.0,146.75,134.37,1.0,1782.99
CUST_0604,4689.53,1925.74,1.0,1440.3,438.28,1.0,348.2,221.66,1.0,179.88,158.57,1.0,1656.54
CUST_0605,1065.89,178.62,1.0,1466.64,438.33,1.0,184.37,15.77,1.0,115.72,61.72,1.0,-255.64
CUST_0606,4380.53,520.94,1.0,1912.52,392.14,1.0,30.66,2.84,1.0,193.41,5.46,1.0,2499.34
CUST_0607,1602.73,707.57,1.0,1234.23,405.25,1.0,20.14,8.73,1.0,162.18,34.39,1.0,182.56
CUST_0608,3844.4,92.54,1.0,1685.82,243.57,1.0,105.97,67.08,1.0,154.02,110.86,1.0,2313.88
CUST_0609,1837.83,486.53,1.0,1565.66,764.9,1.0,198.17,74.46,1.0,117.95,103.9,1.0,440.88
CUST_0610,4336.52,1925.61,1.0,1016.97,447.87,1.0,189.07,117.8,1.0,140.25,33.88,1.0,1876.91
CUST_0611,3093.78,507.1,1.0,1541.38,663.61,1.0,416.01,406.25,1.0,162.54,103.05,1.0,1758.64
CUST_0612,1116.54,361.16,1.0,1166.98,320.07,1.0,402.3,380.07,1.0,1.1,0.27,1.0,-112.93
CUST_0613,3089.81,782.53,1.0,524.19,155.18,1.0,208.77,30.95,1.0,62.77,47.29,1.0,1775.93
CUST_0614,514.62,148.22,1.0,1159.07,361.18,1.0,477.07,182.79,1.0,30.08,1.62,1.0,-697.31
CUST_0615,3103.96,1252.43,1.0,1878.21,130.09,1.0,227.96,216.42,1.0,103.48,36.44,1.0,158.91
CUST_0616,4536.47,1159.35,1.0,1522.11,213.51,1.0,468.39,231.56,1.0,172.06,138.52,1.0,1865.23
CUST_0617,965.98,92.17,1.0,1773.55,792.07,1.0,335.89,176.68,1.0,60.64,27.4,1.0,-233.64
CUST_0618,2016.0,954.09,1.0,737.59,262.82,1.0,434.16,209.88,1.0,77.45,59.2,1.0,381.11
CUST_0619,3667.4,1273.09,1.0,1012.04,262.99,1.0,367.72,290.07,1.0,144.41,127.98,1.0,1584.04
CUST_0620,744.63,310.91,1.0,1643.88,630.56,1.0,355.5,35.52,1.0,118.5,110.41,1.0,-891.49
CUST_0621,1116.35,478.37,1.0,590.82,217.43,1.0,369.21,257.14,1.0,102.45,14.51,1.0,240.46
CUST_0622,1630.89,256.95,1.0,1507.97,6.07,1.0,470.27,295.15,1.0,173.66,117.86,1.0,-247.28
CUST_0623,1730.81,775.11,1.0,1172.96,191.62,1.0,350.43,71.27,1.0,57.73,13.62,1.0,-260.69
CUST_0624,2319.72,336.27,1.0,1750.54,843.35,1.0,64.77,30.78,1.0,197.74,140.79,1.0,1099.22
CUST_0625,3186.5,1452.95,1.0,1433.9,314.05,1.0,163.2,83.36,1.0,82.43,44.06,1.0,572.23
CUST_0626,4479.65,2052.49,1.0,1421.79,307.49,1.0,17.49,14.77,1.0,136.1,32.13,1.0,1414.11
CUST_0627,2482.08,798.09,1.0,606.32,107.57,1.0,31.67,0.43,1.0,88.79,44.92,1.0,1197.87
CUST_0628,549.2,34.31,1.0,696.52,97.3,1.0,86.43,60.03,1.0,149.81,133.67,1.0,-94.59
CUST_0629,1574.77,311.28,1.0,1647.17,188.46,1.0,8.2,3.75,1.0,165.36,103.98,1.0,-138.29
CUST_0630,3518.55,250.56,1.0,1271.64,255.02,1.0,160.63,100.35,1.0,92.49,40.63,1.0,2242.95
CUST_0631,4049.84,858.63,1.0,768.2,89.33,1.0,349.03,15.13,1.0,183.79,182.91,1.0,2179.32
CUST_0632,3383.23,867.3,1.0,1700.7,53.97,1.0,484.36,373.75,1.0,199.0,62.97,1.0,894.62
CUST_0633,1892.61,698.73,1.0,426.11,202.64,1.0,176.09,138.8,1.0,90.81,87.64,1.0,936.29
CUST_0634,1608.32,283.49,1.0,499.52,102.52,1.0,383.55,52.77,1.0,127.25,65.68,1.0,658.62
CUST_0635,2766.99,1212.83,1.0,1560.48,576.22,1.0,70.15,66.5,1.0,20.16,16.44,1.0,569.97
CUST_0636,1544.48,81.61,1.0,1599.01,681.84,1.0,396.99,313.04,1.0,69.68,34.53,1.0,496.9
CUST_0637,883.5,104.39,1.0,554.92,4.07,1.0,243.4,160.53,1.0,36.73,28.9,1.0,153.22
CUST_0638,2611.79,863.98,1.0,1648.36,723.58,1.0,323.04,282.49,1.0,190.57,9.23,1.0,963.82
CUST_0639,1857.09,602.03,1.0,424.68,140.2,1.0,278.33,123.77,1.0,61.77,35.83,1.0,841.96
CUST_0640,1448.28,363.71,1.0,1723.7,708.56,1.0,352.0,255.98,1.0,42.69,24.57,1.0,-8.47
CUST_0641,1354.05,111.31,1.0,1398.73,76.42,1.0,93.03,1.68,1.0,115.7,13.64,1.0,-68.86
CUST_0642,925.79,414.02,1.0,340.14,78.63,1.0,400.8,240.92,1.0,23.06,17.87,1.0,95.57
CUST_0643,4811.26,2356.57,1.0,600.79,268.09,1.0,416.63,274.25,1.0,70.08,6.21,1.0,2043.48
CUST_0644,4374.59,1245.17,1.0,285.09,29.4,1.0,437.54,351.93,1.0,21.83,13.56,1.0,2796.39
CUST_0645,3723.0,776.64,1.0,1503.02,359.99,1.0,136.83,11.72,1.0,79.08,58.31,1.0,1698.99
CUST_0646,3521.97,292.48,1.0,1503.5,513.1,1.0,487.16,433.88,1.0,72.31,50.34,1.0,2207.78
CUST_0647,2634.43,442.41,1.0,745.21,268.48,1.0,392.78,145.33,1.0,38.96,25.94,1.0,1480.86
CUST_0648,4200.55,892.53,1.0,1837.49,327.96,1.0,11.53,4.23,1.0,198.5,26.83,1.0,1962.86
CUST_0649,3785.84,102.09,1.0,166.52,7.62,1.0,279.74,56.22,1.0,157.61,49.81,1.0,3409.13
CUST_0650,2516.83,607.09,1.0,1813.68,688.63,1.0,470.34,117.64,1.0,37.36,19.54,1.0,449.81
CUST_0651,1196.17,525.44,1.0,1489.13,688.38,1.0,279.67,128.12,1.0,176.85,64.66,1.0,-169.38
CUST_0652,4587.84,301.25,1.0,921.23,447.6,1.0,22.44,21.36,1.0,134.06,126.54,1.0,3819.4
CUST_0653,4243.45,1967.41,1.0,1019.81,163.35,1.0,471.72,46.57,1.0,88.96,9.01,1.0,1074.38
CUST_0654,2002.86,804.1,1.0,1195.0,75.73,1.0,403.31,260.95,1.0,8.94,4.34,1.0,-58.27
CUST_0655,969.69,340.68,1.0,307.41,66.71,1.0,146.36,81.3,1.0,64.95,35.85,1.0,352.35
CUST_0656,1401.03,355.74,1.0,652.22,251.29,1.0,252.29,48.86,1.0,78.28,65.61,1.0,453.6
CUST_0657,3885.37,1256.56,1.0,413.46,97.06,1.0,243.4,54.4,1.0,192.64,106.94,1.0,2209.11
CUST_0658,1411.14,21.49,1.0,1495.28,109.65,1.0,390.59,252.67,1.0,100.27,23.92,1.0,-57.55
CUST_0659,697.37,173.06,1.0,517.23,60.42,1.0,343.18,63.46,1.0,22.36,1.57,1.0,-191.43
CUST_0660,3754.28,7.9,1.0,763.07,228.19,1.0,376.14,32.31,1.0,98.57,35.76,1.0,2930.48
CUST_0661,3675.91,1702.83,1.0,1990.46,41.78,1.0,130.47,15.99,1.0,152.72,70.69,1.0,-8.05
CUST_0662,4456.12,1544.66,1.0,667.7,318.38,1.0,202.52,32.73,1.0,178.54,126.85,1.0,2444.04
CUST_0663,1060.31,448.17,1.0,1854.3,377.12,1.0,234.12,104.14,1.0,81.53,10.95,1.0,-924.44
CUST_0664,800.45,246.64,1.0,1832.67,604.21,1.0,132.81,100.83,1.0,193.46,84.52,1.0,-597.69
CUST_0665,2291.79,718.54,1.0,1576.71,690.08,1.0,28.17,16.29,1.0,71.67,49.63,1.0,696.78
CUST_0666,4155.98,1254.59,1.0,1326.02,19.52,1.0,53.79,29.54,1.0,119.42,34.95,1.0,1655.11
CUST_0667,544.0,253.38,1.0,1194.65,441.28,1.0,10.37,1.87,1.0,30.94,17.42,1.0,-457.73
CUST_0668,3210.79,1331.1,1.0,1214.57,496.56,1.0,344.7,217.43,1.0,84.85,23.31,1.0,1095.95
CUST_0669,2466.4,235.44,1.0,138.31,22.92,1.0,418.73,118.0,1.0,155.15,145.05,1.0,1824.94
CUST_0670,1608.94,605.89,1.0,1111.79,491.6,1.0,26.55,16.01,1.0,34.21,31.38,1.0,375.15
CUST_0671,744.02,76.09,1.0,543.67,139.41,1.0,270.1,20.07,1.0,40.61,17.91,1.0,36.34
CUST_0672,1103.91,416.08,1.0,1184.89,509.2,1.0,265.42,128.56,1.0,35.09,9.88,1.0,-99.51
CUST_0673,3693.49,1008.79,1.0,1038.89,258.38,1.0,340.55,144.01,1.0,40.24,26.09,1.0,1721.8
CUST_0674,3253.74,1220.45,1.0,161.81,27.04,1.0,449.72,117.3,1.0,87.06,53.79,1.0,1599.37
CUST_0675,3736.92,1489.78,1.0,1378.69,255.2,1.0,187.41,70.79,1.0,24.97,18.79,1.0,1013.21
CUST_0676,851.98,135.34,1.0,950.8,142.93,1.0,239.99,224.14,1.0,76.66,73.23,1.0,-103.65
CUST_0677,1162.09,115.73,1.0,609.95,231.65,1.0,192.26,83.86,1.0,115.81,23.24,1.0,652.23
CUST_0678,2510.54,690.92,1.0,556.98,121.7,1.0,89.06,48.04,1.0,185.77,27.3,1.0,1501.79
CUST_0679,3260.33,284.39,1.0,1532.03,615.98,1.0,353.0,313.31,1.0,121.46,36.62,1.0,2105.04
CUST_0680,617.95,207.83,1.0,677.95,179.76,1.0,386.38,58.56,1.0,153.97,71.05,1.0,-332.97
CUST_0681,4283.31,573.85,1.0,1845.67,67.15,1.0,430.8,59.12,1.0,39.14,37.44,1.0,1560.96
CUST_0682,1393.84,419.56,1.0,1965.04,523.69,1.0,345.33,276.88,1.0,85.53,5.85,1.0,-455.84
CUST_0683,1305.45,379.07,1.0,991.12,228.71,1.0,122.94,63.05,1.0,62.0,5.69,1.0,160.39
CUST_0684,928.86,277.8,1.0,161.91,24.38,1.0,21.13,7.73,1.0,81.08,13.64,1.0,567.57
CUST_0685,4347.26,304.54,1.0,347.11,32.14,1.0,455.73,112.11,1.0,4.16,0.09,1.0,3388.2
CUST_0686,993.4,75.13,1.0,1537.33,89.66,1.0,357.58,46.66,1.0,41.85,11.25,1.0,-809.72
CUST_0687,3473.43,556.07,1.0,323.88,60.85,1.0,190.74,165.84,1.0,84.15,67.13,1.0,2646.45
CUST_0688,1160.78,515.66,1.0,362.56,12.04,1.0,378.56,108.41,1.0,68.02,11.96,1.0,80.51
CUST_0689,1650.44,806.01,1.0,1087.57,265.68,1.0,361.32,117.56,1.0,197.97,180.6,1.0,-203.85
CUST_0690,606.68,75.55,1.0,815.91,19.03,1.0,93.26,50.95,1.0,3.77,1.03,1.0,-305.32
CUST_0691,2514.93,556.88,1.0,199.84,23.21,1.0,176.47,15.2,1.0,186.67,89.16,1.0,1717.66
CUST_0692,3085.93,692.73,1.0,1056.85,255.66,1.0,8.79,7.95,1.0,194.86,26.18,1.0,1759.85
CUST_0693,637.62,154.56,1.0,573.31,39.59,1.0,298.63,287.67,1.0,69.86,4.75,1.0,3.49
CUST_0694,570.34,230.49,1.0,1399.55,581.08,1.0,233.49,171.51,1.0,155.81,109.3,1.0,-494.09
CUST_0695,3617.89,338.53,1.0,753.69,25.91,1.0,304.89,300.59,1.0,183.35,54.95,1.0,2675.68
CUST_0696,4733.76,2045.63,1.0,1943.79,400.29,1.0,338.18,272.33,1.0,180.36,12.71,1.0,1246.43
CUST_0697,2912.08,857.91,1.0,1547.84,546.0,1.0,28.47,10.85,1.0,60.33,36.26,1.0,1058.78
CUST_0698,1400.67,571.66,1.0,693.68,114.97,1.0,176.91,78.39,1.0,104.68,67.56,1.0,188.9
CUST_0699,3709.57,1036.43,1.0,194.25,39.72,1.0,163.12,82.42,1.0,172.5,44.94,1.0,2565.47
CUST_0700,4538.84,1492.11,1.0,1154.45,384.88,1.0,216.97,151.3,1.0,3.05,0.79,1.0,2213.75
CUST_0701,748.46,103.21,1.0,1070.85,54.99,1.0,469.71,463.81,1.0,112.34,86.49,1.0,-350.66
CUST_0702,1070.4,14.66,1.0,1970.08,927.83,1.0,363.87,363.04,1.0,98.63,58.29,1.0,53.0
CUST_0703,4693.22,2220.69,1.0,920.93,410.73,1.0,493.8,121.02,1.0,97.77,58.62,1.0,1628.7
CUST_0704,1529.51,10.43,1.0,828.18,77.16,1.0,321.94,191.86,1.0,57.05,20.75,1.0,674.28
CUST_0705,4587.88,371.68,1.0,167.41,36.79,1.0,170.32,81.65,1.0,29.95,3.63,1.0,4023.23
CUST_0706,1719.34,497.66,1.0,1764.82,284.6,1.0,143.94,81.73,1.0,50.05,7.13,1.0,-277.83
CUST_0707,3826.68,210.45,1.0,963.97,302.41,1.0,375.05,54.0,1.0,132.55,70.05,1.0,2696.12
CUST_0708,3949.89,1586.94,1.0,1684.32,643.52,1.0,76.99,51.59,1.0,23.73,4.71,1.0,1315.77
CUST_0709,839.55,111.86,1.0,1941.91,641.4,1.0,265.33,125.15,1.0,137.33,33.87,1.0,-609.54
CUST_0710,3844.13,1092.41,1.0,207.06,78.98,1.0,329.99,150.98,1.0,62.39,52.43,1.0,2454.59
CUST_0711,1340.5,380.48,1.0,1855.8,442.62,1.0,249.49,179.19,1.0,37.06,23.81,1.0,-510.21
CUST_0712,2072.32,472.0,1.0,1442.73,316.54,1.0,494.52,163.46,1.0,111.21,92.18,1.0,162.1
CUST_0713,4930.73,2133.05,1.0,1371.47,24.17,1.0,372.31,219.28,1.0,39.03,35.33,1.0,1301.05
CUST_0714,1368.17,556.34,1.0,1436.69,308.88,1.0,54.0,28.64,1.0,63.53,41.28,1.0,-319.09
CUST_0715,3439.45,394.53,1.0,813.14,10.6,1.0,116.41,71.38,1.0,135.77,131.25,1.0,2201.87
CUST_0716,2554.1,478.74,1.0,190.13,26.0,1.0,260.17,21.34,1.0,166.71,29.72,1.0,1809.39
CUST_0717,4654.27,934.39,1.0,1963.55,18.5,1.0,12.95,12.52,1.0,40.08,25.79,1.0,1788.69
CUST_0718,803.25,224.59,1.0,683.73,53.72,1.0,98.94,24.04,1.0,37.45,30.92,1.0,-119.72
CUST_0719,2327.52,581.79,1.0,1086.17,367.81,1.0,216.41,61.15,1.0,118.11,2.1,1.0,988.12
CUST_0720,4147.81,1604.49,1.0,447.49,93.89,1.0,478.33,106.65,1.0,170.31,122.21,1.0,1866.14
CUST_0721,3525.26,905.09,1.0,1196.39,207.7,1.0,315.11,300.18,1.0,51.85,49.62,1.0,1618.78
CUST_0722,4400.21,1932.28,1.0,433.07,154.64,1.0,135.15,127.31,1.0,85.27,3.64,1.0,2263.29
CUST_0723,1277.03,346.12,1.0,954.83,433.9,1.0,156.03,118.54,1.0,127.65,113.48,1.0,386.66
CUST_0724,2096.84,274.92,1.0,947.79,152.97,1.0,22.34,5.63,1.0,14.15,9.04,1.0,1015.5
CUST_0725,4221.69,241.19,1.0,1645.27,378.79,1.0,398.24,213.44,1.0,172.05,76.87,1.0,2624.4
CUST_0726,1082.51,139.68,1.0,1650.51,351.49,1.0,289.05,111.76,1.0,69.49,14.35,1.0,-478.34
CUST_0727,2664.09,968.6,1.0,730.55,69.55,1.0,68.93,29.3,1.0,78.66,59.53,1.0,1013.99
CUST_0728,760.6,181.95,1.0,1259.67,260.88,1.0,419.31,187.88,1.0,138.87,132.29,1.0,-644.99
CUST_0729,3277.9,870.74,1.0,711.24,2.89,1.0,163.94,112.51,1.0,81.28,32.59,1.0,1696.07
CUST_0730,2997.5,1377.77,1.0,1980.3,549.28,1.0,28.93,5.49,1.0,137.75,127.06,1.0,175.96
CUST_0731,1829.09,842.33,1.0,1786.1,496.95,1.0,406.29,366.54,1.0,161.73,114.05,1.0,-294.46
CUST_0732,2661.66,771.29,1.0,175.92,57.27,1.0,89.74,51.52,1.0,17.73,1.97,1.0,1749.26
CUST_0733,1706.73,211.73,1.0,686.35,78.48,1.0,11.25,2.42,1.0,65.86,51.39,1.0,892.77
CUST_0734,3889.01,393.65,1.0,1704.47,575.51,1.0,191.18,88.68,1.0,184.71,23.9,1.0,2424.71
CUST_0735,3474.21,142.22,1.0,771.33,35.43,1.0,412.86,81.6,1.0,13.77,9.94,1.0,2268.66
CUST_0736,2281.7,937.57,1.0,1997.4,993.31,1.0,329.84,303.93,1.0,66.45,5.82,1.0,374.76
CUST_0737,1294.71,406.27,1.0,1751.35,767.54,1.0,324.03,177.59,1.0,81.44,40.11,1.0,-200.48
CUST_0738,4744.39,90.52,1.0,158.91,51.87,1.0,241.7,59.55,1.0,126.69,104.71,1.0,4386.66
CUST_0739,569.56,62.58,1.0,538.53,153.06,1.0,261.69,88.43,1.0,171.51,87.98,1.0,31.78
CUST_0740,4442.06,1497.84,1.0,1031.91,404.36,1.0,100.88,88.04,1.0,141.51,124.68,1.0,2320.66
CUST_0741,1136.62,191.45,1.0,380.94,64.47,1.0,109.46,6.88,1.0,93.01,61.85,1.0,557.28
CUST_0742,1323.1,68.45,1.0,723.7,280.23,1.0,249.85,114.82,1.0,97.5,28.28,1.0,745.37
CUST_0743,4639.66,1862.54,1.0,1222.05,61.6,1.0,214.35,114.09,1.0,44.66,17.34,1.0,1543.73
CUST_0744,705.78,49.83,1.0,1231.1,40.8,1.0,437.42,84.94,1.0,37.08,18.63,1.0,-868.38
CUST_0745,4212.02,919.16,1.0,1855.26,472.96,1.0,4.11,3.4,1.0,123.06,59.55,1.0,1973.36
CUST_0746,723.17,16.72,1.0,829.13,21.49,1.0,342.27,338.69,1.0,28.24,6.75,1.0,-83.28
CUST_0747,1420.48,533.13,1.0,1678.05,538.13,1.0,456.94,260.32,1.0,156.43,155.88,1.0,-448.64
CUST_0748,3051.22,265.66,1.0,1252.47,205.67,1.0,424.22,39.78,1.0,24.6,1.08,1.0,1377.84
CUST_0749,2721.93,36.41,1.0,1247.12,324.31,1.0,64.12,47.2,1.0,168.41,10.16,1.0,1904.04
CUST_0750,2937.81,183.11,1.0,1473.14,729.06,1.0,387.32,265.63,1.0,129.29,35.74,1.0,1982.48
CUST_0751,2685.82,221.48,1.0,160.06,34.83,1.0,152.05,110.87,1.0,103.16,98.61,1.0,2302.48
CUST_0752,3582.93,744.19,1.0,1433.1,420.08,1.0,135.84,7.16,1.0,127.56,4.2,1.0,1820.4
CUST_0753,3319.07,1215.47,1.0,188.77,37.32,1.0,306.09,220.46,1.0,142.43,29.55,1.0,1979.4
CUST_0754,3180.31,37.02,1.0,387.63,114.03,1.0,410.25,30.04,1.0,5.61,4.59,1.0,2490.5
CUST_0755,643.96,69.85,1.0,575.74,278.81,1.0,5.94,4.81,1.0,97.81,48.93,1.0,324.93
CUST_0756,3771.21,1418.48,1.0,929.26,252.51,1.0,167.35,164.16,1.0,122.35,5.43,1.0,1789.71
CUST_0757,967.74,446.44,1.0,1862.71,67.88,1.0,217.67,42.49,1.0,116.2,69.76,1.0,-1402.27
CUST_0758,2834.01,762.06,1.0,891.3,226.81,1.0,155.06,107.9,1.0,133.69,8.3,1.0,1485.69
CUST_0759,4252.8,1884.64,1.0,1101.63,380.32,1.0,261.33,187.66,1.0,22.8,12.4,1.0,1583.58
CUST_0760,1405.14,126.55,1.0,501.11,114.25,1.0,333.76,255.5,1.0,136.61,119.93,1.0,830.15
CUST_0761,1481.98,3.65,1.0,1891.91,614.26,1.0,179.28,142.64,1.0,170.44,133.82,1.0,200.66
CUST_0762,3636.23,426.88,1.0,1895.37,904.4,1.0,323.94,225.9,1.0,34.03,21.65,1.0,2132.72
CUST_0763,3891.01,316.05,1.0,1674.05,1.99,1.0,372.31,8.25,1.0,191.51,51.26,1.0,1679.09
CUST_0764,2156.17,149.47,1.0,784.71,15.46,1.0,337.26,261.71,1.0,46.45,15.14,1.0,1193.21
CUST_0765,970.63,466.16,1.0,1922.07,437.15,1.0,449.29,378.87,1.0,108.66,5.07,1.0,-947.28
CUST_0766,535.68,206.44,1.0,924.63,91.81,1.0,126.15,7.47,1.0,20.24,17.79,1.0,-619.81
CUST_0767,1555.21,764.3,1.0,1727.07,41.96,1.0,185.57,115.3,1.0,191.65,141.24,1.0,-914.06
CUST_0768,1670.57,384.37,1.0,667.04,183.44,1.0,241.32,152.88,1.0,19.74,13.51,1.0,720.39
CUST_0769,865.6,137.01,1.0,1184.32,556.83,1.0,23.05,22.91,1.0,197.38,62.12,1.0,236.22
CUST_0770,4280.04,1098.29,1.0,1209.3,435.71,1.0,325.58,153.28,1.0,80.62,30.01,1.0,2286.47
CUST_0771,1176.74,203.58,1.0,293.04,108.18,1.0,345.78,96.95,1.0,157.45,36.13,1.0,660.79
CUST_0772,954.84,316.5,1.0,959.23,340.0,1.0,175.85,24.88,1.0,67.38,7.15,1.0,-71.63
CUST_0773,4588.06,1088.34,1.0,177.1,57.17,1.0,480.44,468.12,1.0,17.49,3.83,1.0,3381.13
CUST_0774,4685.97,1174.18,1.0,1699.93,205.46,1.0,110.72,70.57,1.0,98.48,11.48,1.0,2064.17
CUST_0775,1558.55,95.09,1.0,1742.77,255.81,1.0,52.28,32.4,1.0,115.51,86.19,1.0,-14.06
CUST_0776,4429.29,1160.78,1.0,853.56,107.99,1.0,160.85,126.55,1.0,123.79,38.26,1.0,2574.17
CUST_0777,2301.28,1135.9,1.0,367.09,63.74,1.0,273.5,92.12,1.0,14.48,7.99,1.0,687.14
CUST_0778,2469.97,604.73,1.0,585.91,263.83,1.0,323.03,45.69,1.0,99.07,68.09,1.0,1296.8
CUST_0779,4377.9,1982.41,1.0,1934.26,379.64,1.0,176.32,70.45,1.0,132.74,121.94,1.0,745.8
CUST_0780,3545.48,481.09,1.0,923.57,347.11,1.0,264.83,165.92,1.0,192.95,83.79,1.0,2498.18
CUST_0781,565.82,221.33,1.0,1852.08,502.19,1.0,397.33,134.79,1.0,4.55,1.14,1.0,-1264.53
CUST_0782,2970.08,522.88,1.0,1412.92,253.9,1.0,235.15,209.47,1.0,181.36,99.39,1.0,1344.47
CUST_0783,2300.11,860.2,1.0,422.87,123.53,1.0,291.21,208.91,1.0,172.5,74.94,1.0,1155.83
CUST_0784,1083.48,527.59,1.0,1345.74,446.79,1.0,40.23,28.58,1.0,122.75,104.97,1.0,-336.93
CUST_0785,1250.83,281.44,1.0,1376.72,534.91,1.0,487.4,50.67,1.0,149.11,145.88,1.0,-305.92
CUST_0786,3724.8,1809.19,1.0,782.67,106.36,1.0,250.1,166.04,1.0,98.35,58.15,1.0,1195.44
CUST_0787,663.85,108.52,1.0,1048.1,130.02,1.0,15.28,5.09,1.0,97.39,94.92,1.0,-370.47
CUST_0788,3707.75,1835.29,1.0,806.32,325.0,1.0,435.83,93.89,1.0,168.24,60.29,1.0,1157.15
CUST_0789,1121.25,330.02,1.0,468.45,59.02,1.0,371.39,52.76,1.0,168.94,4.18,1.0,227.93
CUST_0790,3989.37,1326.37,1.0,101.45,4.81,1.0,122.31,57.62,1.0,60.64,23.42,1.0,2538.89
CUST_0791,2289.6,92.57,1.0,349.56,140.75,1.0,467.71,307.06,1.0,196.95,94.48,1.0,1930.04
CUST_0792,3719.53,442.52,1.0,914.82,396.11,1.0,392.91,292.04,1.0,183.59,8.49,1.0,2832.53
CUST_0793,4614.06,263.84,1.0,1104.13,150.8,1.0,285.73,77.04,1.0,12.49,2.03,1.0,3198.66
CUST_0794,1998.01,482.91,1.0,732.39,86.83,1.0,93.14,23.39,1.0,185.62,154.02,1.0,831.39
CUST_0795,3888.25,1546.12,1.0,1894.94,357.12,1.0,133.5,98.19,1.0,11.56,1.96,1.0,778.6
CUST_0796,2427.14,321.62,1.0,1199.39,13.77,1.0,26.92,14.47,1.0,39.41,17.15,1.0,929.71
CUST_0797,1162.78,343.97,1.0,381.27,74.89,1.0,407.74,30.77,1.0,69.45,6.02,1.0,198.89
CUST_0798,1334.26,576.12,1.0,891.1,125.61,1.0,102.03,85.67,1.0,23.35,3.11,1.0,-3.47
CUST_0799,4172.78,1408.98,1.0,100.68,38.77,1.0,198.96,166.37,1.0,74.27,21.72,1.0,2721.85
CUST_0800,1162.78,319.27,1.0,1087.86,457.59,1.0,335.94,107.86,1.0,150.73,121.87,1.0,14.02
CUST_0801,3336.3,643.35,1.0,1097.72,312.88,1.0,476.44,304.35,1.0,81.05,31.42,1.0,1785.65
CUST_0802,893.2,287.96,1.0,846.34,20.3,1.0,480.73,367.73,1.0,38.0,37.07,1.0,-332.87
CUST_0803,4887.44,843.95,1.0,1389.8,658.03,1.0,429.89,270.18,1.0,39.29,10.65,1.0,3180.65
CUST_0804,1814.43,435.95,1.0,1167.68,340.67,1.0,10.49,8.46,1.0,89.05,40.13,1.0,598.36
CUST_0805,1848.32,579.45,1.0,265.34,33.76,1.0,200.36,54.04,1.0,151.92,58.15,1.0,984.74
CUST_0806,1018.39,482.45,1.0,261.9,79.05,1.0,152.45,10.44,1.0,139.91,108.49,1.0,242.5
CUST_0807,4498.0,1999.51,1.0,325.42,143.73,1.0,400.8,400.44,1.0,119.7,95.58,1.0,2340.56
CUST_0808,675.99,328.87,1.0,872.21,28.24,1.0,107.96,21.34,1.0,22.58,11.0,1.0,-571.89
CUST_0809,766.08,63.33,1.0,341.81,26.11,1.0,409.68,214.64,1.0,4.37,2.82,1.0,193.56
CUST_0810,2709.03,1269.36,1.0,148.55,25.33,1.0,111.37,59.27,1.0,5.42,5.33,1.0,1264.44
CUST_0811,1876.4,4.82,1.0,1726.21,761.71,1.0,343.34,194.9,1.0,18.41,5.53,1.0,771.52
CUST_0812,2817.77,328.31,1.0,725.77,36.99,1.0,146.13,95.28,1.0,155.23,117.12,1.0,1787.94
CUST_0813,2036.12,614.28,1.0,1832.45,737.27,1.0,362.74,239.9,1.0,86.14,23.18,1.0,266.78
CUST_0814,1924.19,495.03,1.0,1633.99,709.15,1.0,140.8,42.9,1.0,89.03,56.46,1.0,438.99
CUST_0815,4819.36,1451.02,1.0,139.32,57.58,1.0,396.57,217.32,1.0,18.58,5.68,1.0,3120.25
CUST_0816,4207.85,1042.93,1.0,1675.72,423.44,1.0,205.96,66.0,1.0,171.85,167.25,1.0,1777.28
CUST_0817,1706.22,379.19,1.0,756.42,188.2,1.0,361.45,66.69,1.0,192.39,119.92,1.0,536.52
CUST_0818,2829.49,1322.9,1.0,1618.21,525.67,1.0,353.86,221.87,1.0,6.41,6.33,1.0,282.14
CUST_0819,797.63,181.4,1.0,253.29,121.94,1.0,148.22,54.3,1.0,170.19,4.29,1.0,556.86
CUST_0820,1429.44,145.61,1.0,365.82,92.97,1.0,192.94,155.69,1.0,147.71,101.85,1.0,1019.59
CUST_0821,3951.29,1140.2,1.0,1023.71,170.54,1.0,291.71,98.8,1.0,98.47,94.44,1.0,1769.04
CUST_0822,3458.26,1004.85,1.0,889.74,394.21,1.0,174.34,61.2,1.0,62.83,10.74,1.0,1896.83
CUST_0823,1790.81,829.11,1.0,1139.79,190.35,1.0,113.49,22.6,1.0,192.6,10.01,1.0,103.96
CUST_0824,1517.62,364.91,1.0,265.88,131.48,1.0,108.27,44.37,1.0,44.85,32.0,1.0,967.26
CUST_0825,4126.9,780.6,1.0,1206.46,140.72,1.0,143.34,91.3,1.0,165.18,67.89,1.0,2325.81
CUST_0826,2945.35,883.09,1.0,413.61,141.95,1.0,425.01,403.93,1.0,81.15,1.91,1.0,1848.76
CUST_0827,2361.41,889.28,1.0,1402.31,363.37,1.0,149.85,149.12,1.0,25.42,4.85,1.0,453.03
CUST_0828,4784.58,2255.12,1.0,1830.45,548.47,1.0,94.2,61.15,1.0,115.79,20.38,1.0,1309.84
CUST_0829,1639.21,147.8,1.0,993.74,107.48,1.0,432.03,235.74,1.0,185.75,145.12,1.0,449.49
CUST_0830,2065.02,832.65,1.0,1386.12,672.42,1.0,390.07,22.1,1.0,185.77,109.92,1.0,226.55
CUST_0831,4617.33,1375.13,1.0,1425.66,202.84,1.0,467.99,342.68,1.0,161.06,135.29,1.0,1919.84
CUST_0832,2424.1,95.86,1.0,1072.41,297.7,1.0,395.55,22.74,1.0,77.23,25.86,1.0,1232.09
CUST_0833,2080.26,931.72,1.0,190.03,5.99,1.0,46.17,1.74,1.0,71.64,5.43,1.0,986.28
CUST_0834,1273.05,83.41,1.0,1258.92,174.08,1.0,328.68,195.39,1.0,38.25,28.35,1.0,-18.59
CUST_0835,1143.6,138.39,1.0,1881.41,477.78,1.0,497.06,211.8,1.0,26.87,21.52,1.0,-678.33
CUST_0836,3158.34,1239.2,1.0,1587.43,467.37,1.0,206.37,30.75,1.0,25.74,13.93,1.0,635.27
CUST_0837,4120.71,1062.37,1.0,865.56,66.49,1.0,195.26,187.53,1.0,13.05,5.28,1.0,2259.31
CUST_0838,3814.15,1100.7,1.0,1586.52,509.12,1.0,399.26,237.54,1.0,54.47,3.39,1.0,1525.41
CUST_0839,4005.25,2000.37,1.0,1183.67,245.74,1.0,457.83,97.99,1.0,187.92,70.01,1.0,825.02
CUST_0840,4406.32,1934.04,1.0,511.44,4.89,1.0,251.28,2.47,1.0,143.63,24.89,1.0,1835.66
CUST_0841,4379.24,1576.03,1.0,993.91,183.56,1.0,215.99,5.84,1.0,70.88,40.8,1.0,1812.79
CUST_0842,4442.68,240.23,1.0,1031.09,216.05,1.0,365.28,270.15,1.0,82.98,79.47,1.0,3295.79
CUST_0843,1016.82,110.83,1.0,455.21,226.13,1.0,140.53,36.12,1.0,179.66,153.81,1.0,598.35
CUST_0844,1237.03,142.98,1.0,1320.67,212.93,1.0,235.45,150.42,1.0,184.38,85.78,1.0,-0.12
CUST_0845,4372.62,651.84,1.0,475.53,186.57,1.0,268.21,9.87,1.0,146.15,89.43,1.0,3230.2
CUST_0846,680.74,9.51,1.0,1258.45,153.06,1.0,433.51,353.65,1.0,67.32,44.27,1.0,-490.97
CUST_0847,646.3,40.44,1.0,1833.91,651.63,1.0,319.18,239.79,1.0,133.92,37.76,1.0,-559.65
CUST_0848,2565.29,701.38,1.0,598.57,188.92,1.0,361.68,80.97,1.0,114.8,69.24,1.0,1219.11
CUST_0849,1043.92,457.58,1.0,1026.82,447.72,1.0,397.97,348.0,1.0,168.34,136.62,1.0,-11.01
CUST_0850,1573.89,36.72,1.0,582.06,6.63,1.0,185.66,13.39,1.0,118.96,67.15,1.0,841.28
CUST_0851,552.37,199.28,1.0,1848.74,108.22,1.0,395.16,78.01,1.0,76.06,33.31,1.0,-1661.83
CUST_0852,4637.64,587.9,1.0,1889.66,719.45,1.0,474.29,363.23,1.0,97.9,56.62,1.0,2809.75
CUST_0853,1258.13,194.21,1.0,927.5,255.4,1.0,338.21,150.24,1.0,120.62,38.91,1.0,285.56
CUST_0854,4995.17,1781.14,1.0,1018.2,39.38,1.0,412.97,128.67,1.0,196.84,156.7,1.0,1991.05
CUST_0855,3617.0,132.75,1.0,1944.12,361.79,1.0,493.26,348.51,1.0,163.9,26.11,1.0,1894.96
CUST_0856,1762.18,688.05,1.0,275.44,71.37,1.0,28.81,15.62,1.0,75.21,69.37,1.0,862.71
CUST_0857,3727.54,1103.42,1.0,621.05,57.15,1.0,342.68,14.37,1.0,187.48,165.5,1.0,1753.89
CUST_0858,1901.1,736.13,1.0,1067.19,207.33,1.0,351.7,152.6,1.0,52.17,7.31,1.0,150.87
CUST_0859,4367.88,194.12,1.0,451.08,176.73,1.0,209.43,76.22,1.0,194.8,113.61,1.0,3847.39
CUST_0860,617.15,139.98,1.0,1833.8,331.87,1.0,312.99,75.41,1.0,119.46,109.48,1.0,-1252.36
CUST_0861,3395.73,400.41,1.0,264.14,73.46,1.0,383.6,313.29,1.0,31.87,6.6,1.0,2759.6
CUST_0862,3808.21,1480.05,1.0,1633.66,525.8,1.0,210.08,207.55,1.0,44.92,34.33,1.0,1228.36
CUST_0863,3723.62,629.3,1.0,1962.39,112.86,1.0,365.95,270.02,1.0,157.56,38.18,1.0,1268.24
CUST_0864,1698.85,834.79,1.0,571.98,160.05,1.0,97.48,87.15,1.0,70.22,38.86,1.0,473.16
CUST_0865,1674.42,648.37,1.0,1611.64,775.19,1.0,480.15,46.91,1.0,60.34,5.1,1.0,-188.4
CUST_0866,3487.73,950.38,1.0,894.4,439.6,1.0,94.87,33.56,1.0,11.02,7.93,1.0,2024.33
CUST_0867,4744.11,654.63,1.0,1427.81,318.46,1.0,173.84,9.49,1.0,67.37,49.61,1.0,2833.54
CUST_0868,3557.41,892.3,1.0,1867.18,775.66,1.0,155.03,36.86,1.0,188.14,93.71,1.0,1549.85
CUST_0869,4466.34,1518.58,1.0,258.17,100.17,1.0,73.77,1.29,1.0,130.38,33.97,1.0,2813.69
CUST_0870,2690.78,1108.07,1.0,337.09,147.98,1.0,439.75,49.67,1.0,82.45,74.37,1.0,1011.6
CUST_0871,3634.15,666.28,1.0,1043.26,293.02,1.0,202.19,85.75,1.0,72.27,62.76,1.0,2110.7
CUST_0872,3109.32,962.11,1.0,636.04,188.57,1.0,247.08,245.46,1.0,54.32,29.66,1.0,1722.78
CUST_0873,1434.58,591.92,1.0,521.84,204.52,1.0,165.02,145.16,1.0,69.61,10.16,1.0,564.93
CUST_0874,824.17,300.58,1.0,448.07,191.7,1.0,61.72,34.18,1.0,158.85,76.35,1.0,322.18
CUST_0875,2122.53,17.51,1.0,416.62,15.29,1.0,128.73,103.56,1.0,151.68,62.69,1.0,1767.51
CUST_0876,1115.06,83.69,1.0,1531.12,209.82,1.0,242.08,162.4,1.0,153.33,76.4,1.0,-292.68
CUST_0877,2520.4,473.53,1.0,992.51,246.23,1.0,312.75,157.26,1.0,153.91,100.26,1.0,1198.75
CUST_0878,3927.89,810.66,1.0,1175.77,6.56,1.0,332.27,125.56,1.0,138.82,17.64,1.0,1862.49
CUST_0879,1852.93,52.13,1.0,1132.36,203.38,1.0,239.28,61.87,1.0,2.4,1.24,1.0,695.57
CUST_0880,1998.27,612.61,1.0,118.34,33.38,1.0,80.22,77.62,1.0,197.79,176.28,1.0,1319.61
CUST_0881,3081.8,306.63,1.0,1796.85,167.18,1.0,293.28,190.86,1.0,39.01,37.67,1.0,1044.42
CUST_0882,3976.43,1658.81,1.0,914.62,138.41,1.0,359.64,241.7,1.0,108.32,70.59,1.0,1461.2
CUST_0883,3880.19,1040.04,1.0,704.5,178.4,1.0,93.24,47.86,1.0,38.11,19.93,1.0,2286.85
CUST_0884,2616.85,904.9,1.0,1738.4,458.46,1.0,226.62,221.12,1.0,7.97,0.46,1.0,434.02
CUST_0885,1302.01,268.17,1.0,1110.86,41.93,1.0,251.11,177.88,1.0,69.11,24.29,1.0,-63.5
CUST_0886,2666.92,396.65,1.0,1725.57,652.38,1.0,394.58,141.08,1.0,61.71,46.52,1.0,958.77
CUST_0887,953.62,155.68,1.0,174.74,52.35,1.0,283.96,179.41,1.0,65.61,21.32,1.0,615.29
CUST_0888,3675.93,476.94,1.0,1888.82,596.57,1.0,190.94,143.99,1.0,135.91,17.41,1.0,1978.29
CUST_0889,2595.65,737.34,1.0,572.22,264.55,1.0,126.09,109.06,1.0,153.86,46.42,1.0,1641.05
CUST_0890,1098.24,418.96,1.0,1453.21,350.12,1.0,13.53,9.33,1.0,11.79,3.17,1.0,-419.39
CUST_0891,3386.51,653.08,1.0,876.14,127.38,1.0,261.12,63.2,1.0,124.86,59.79,1.0,1851.82
CUST_0892,4708.61,1249.09,1.0,1568.25,748.51,1.0,324.95,246.69,1.0,72.43,32.75,1.0,2601.2
CUST_0893,4307.8,600.11,1.0,875.06,394.47,1.0,264.98,146.38,1.0,48.04,1.23,1.0,3155.31
CUST_0894,2130.22,513.18,1.0,1219.04,260.42,1.0,44.91,22.41,1.0,189.19,116.69,1.0,708.42
CUST_0895,1211.81,60.9,1.0,719.67,66.39,1.0,140.36,68.28,1.0,114.12,21.18,1.0,518.49
CUST_0896,3087.55,356.05,1.0,1041.41,343.73,1.0,106.11,96.51,1.0,169.13,78.8,1.0,2114.55
CUST_0897,4951.8,307.66,1.0,1723.15,375.5,1.0,242.1,68.89,1.0,181.43,14.68,1.0,3290.03
CUST_0898,909.77,98.32,1.0,1640.43,546.56,1.0,205.37,187.76,1.0,151.53,7.52,1.0,-156.02
CUST_0899,3343.01,305.97,1.0,465.03,64.29,1.0,499.69,230.04,1.0,75.69,55.6,1.0,2386.74
CUST_0900,4002.64,538.88,1.0,777.9,367.22,1.0,217.62,188.81,1.0,107.25,68.58,1.0,3062.94
CUST_0901,1858.79,52.01,1.0,1445.16,631.93,1.0,228.47,95.74,1.0,191.88,161.63,1.0,891.07
CUST_0902,2000.92,710.03,1.0,579.01,289.04,1.0,286.03,56.2,1.0,0.79,0.23,1.0,771.65
CUST_0903,2355.72,822.6,1.0,307.67,3.67,1.0,250.57,115.86,1.0,9.68,3.69,1.0,1100.4
CUST_0904,1312.81,381.4,1.0,731.85,26.37,1.0,84.1,7.65,1.0,100.43,54.93,1.0,194.98
CUST_0905,2884.05,341.66,1.0,279.23,49.37,1.0,121.3,13.0,1.0,39.45,8.96,1.0,2234.72
CUST_0906,2404.73,174.79,1.0,1420.26,232.97,1.0,485.49,339.86,1.0,176.79,36.71,1.0,1037.1
CUST_0907,1290.58,247.09,1.0,1842.29,299.67,1.0,49.82,8.28,1.0,8.08,7.34,1.0,-539.93
CUST_0908,3671.81,627.83,1.0,910.31,153.73,1.0,190.75,133.98,1.0,140.93,75.79,1.0,2295.77
CUST_0909,4547.26,1861.84,1.0,822.76,343.86,1.0,232.98,209.82,1.0,180.25,6.34,1.0,2357.27
CUST_0910,591.7,98.84,1.0,867.97,130.3,1.0,158.11,128.55,1.0,135.82,6.46,1.0,-145.01
CUST_0911,2912.36,663.16,1.0,1279.41,281.15,1.0,1.24,0.21,1.0,179.5,33.23,1.0,1396.18
CUST_0912,1378.64,552.87,1.0,767.98,111.88,1.0,251.07,52.13,1.0,76.92,18.15,1.0,29.5
CUST_0913,2205.22,603.72,1.0,239.95,16.3,1.0,174.82,64.31,1.0,196.23,103.64,1.0,1359.93
CUST_0914,4254.64,2039.26,1.0,1011.72,462.08,1.0,149.84,85.78,1.0,137.44,116.45,1.0,1622.67
CUST_0915,2520.9,1154.27,1.0,1063.92,318.64,1.0,220.77,43.13,1.0,87.36,30.76,1.0,500.31
CUST_0916,2391.89,1142.11,1.0,1540.06,545.6,1.0,291.53,102.43,1.0,140.31,31.92,1.0,174.61
CUST_0917,3282.1,1018.29,1.0,117.44,16.71,1.0,290.8,242.28,1.0,39.67,36.68,1.0,2117.55
CUST_0918,1481.01,476.26,1.0,218.67,89.06,1.0,459.53,437.11,1.0,122.27,19.69,1.0,955.3
CUST_0919,1117.71,440.21,1.0,821.74,398.38,1.0,453.24,120.49,1.0,5.27,2.88,1.0,-76.22
CUST_0920,1038.05,203.43,1.0,1880.6,336.81,1.0,259.56,40.35,1.0,118.2,33.93,1.0,-844.11
CUST_0921,3301.51,1021.4,1.0,866.48,374.15,1.0,81.86,9.99,1.0,139.56,62.61,1.0,1792.86
CUST_0922,3283.79,1322.15,1.0,1718.32,435.74,1.0,54.79,41.14,1.0,59.05,58.08,1.0,666.38
CUST_0923,2745.74,1336.32,1.0,151.02,70.34,1.0,293.33,172.93,1.0,194.79,67.18,1.0,1335.95
CUST_0924,1128.0,456.62,1.0,594.69,254.57,1.0,217.13,137.33,1.0,128.79,35.72,1.0,344.53
CUST_0925,3763.08,1306.08,1.0,974.7,362.85,1.0,401.68,245.61,1.0,182.97,169.58,1.0,1702.47
CUST_0926,978.08,296.58,1.0,1673.67,586.16,1.0,46.71,36.05,1.0,42.51,29.92,1.0,-404.08
CUST_0927,3365.96,1230.15,1.0,1950.44,349.59,1.0,461.4,244.9,1.0,29.11,14.04,1.0,333.53
CUST_0928,2475.08,1221.82,1.0,1572.79,502.67,1.0,484.18,203.07,1.0,53.57,37.55,1.0,-81.95
CUST_0929,3116.59,645.03,1.0,1182.3,125.55,1.0,197.48,48.58,1.0,63.09,53.14,1.0,1275.86
CUST_0930,3765.97,1490.88,1.0,781.6,246.15,1.0,249.64,241.09,1.0,53.14,31.09,1.0,1753.14
CUST_0931,2880.23,260.21,1.0,1178.99,453.91,1.0,187.97,101.69,1.0,179.87,135.78,1.0,1852.75
CUST_0932,4306.83,1528.86,1.0,1637.25,520.96,1.0,343.97,111.97,1.0,125.78,109.05,1.0,1446.41
CUST_0933,3560.73,254.44,1.0,994.69,431.54,1.0,367.63,115.73,1.0,100.2,33.68,1.0,2557.76
CUST_0934,1943.66,521.0,1.0,325.65,85.65,1.0,277.88,162.4,1.0,39.97,22.87,1.0,1084.28
CUST_0935,2436.15,239.75,1.0,861.48,141.5,1.0,498.26,439.19,1.0,162.88,159.25,1.0,1420.98
CUST_0936,2403.29,247.68,1.0,1921.42,759.36,1.0,446.48,185.79,1.0,69.59,22.94,1.0,779.51
CUST_0937,2464.31,955.92,1.0,1529.39,592.21,1.0,149.61,89.93,1.0,119.64,51.93,1.0,579.24
CUST_0938,3288.99,1397.67,1.0,1589.27,351.57,1.0,494.26,186.95,1.0,113.55,111.27,1.0,348.59
CUST_0939,3929.86,1321.89,1.0,1395.15,364.55,1.0,104.13,89.79,1.0,56.97,21.52,1.0,1598.48
CUST_0940,1018.56,267.93,1.0,923.77,427.51,1.0,35.1,20.78,1.0,189.39,126.36,1.0,303.08
CUST_0941,2351.62,1121.28,1.0,1000.83,375.76,1.0,211.64,8.82,1.0,28.68,28.59,1.0,402.54
CUST_0942,2641.74,861.1,1.0,1642.08,158.53,1.0,220.43,2.18,1.0,73.62,24.1,1.0,128.36
CUST_0943,1658.0,406.6,1.0,1166.86,74.43,1.0,249.83,238.54,1.0,12.64,1.25,1.0,159.07
CUST_0944,767.03,336.64,1.0,1023.05,73.74,1.0,103.91,8.32,1.0,109.32,5.55,1.0,-510.74
CUST_0945,4266.62,294.04,1.0,832.59,375.15,1.0,320.62,45.84,1.0,48.27,10.01,1.0,3278.62
CUST_0946,2871.32,920.88,1.0,673.09,260.97,1.0,173.6,4.91,1.0,126.85,85.16,1.0,1411.32
CUST_0947,1060.64,523.35,1.0,693.7,38.49,1.0,100.32,24.72,1.0,198.99,183.11,1.0,-177.64
CUST_0948,2790.21,3.23,1.0,226.68,109.07,1.0,390.73,370.03,1.0,67.53,63.95,1.0,2652.25
CUST_0949,4922.22,1275.71,1.0,1645.89,496.33,1.0,187.23,52.4,1.0,101.77,14.1,1.0,2449.79
CUST_0950,4410.76,1060.39,1.0,157.49,7.15,1.0,372.68,110.53,1.0,52.83,20.83,1.0,2969.88
CUST_0951,3094.8,1074.19,1.0,290.34,120.5,1.0,65.52,59.65,1.0,102.71,42.67,1.0,1904.94
CUST_0952,4934.43,1770.87,1.0,1047.48,147.89,1.0,84.28,21.61,1.0,113.43,12.91,1.0,2301.82
CUST_0953,2001.2,271.2,1.0,140.67,28.39,1.0,144.56,14.9,1.0,102.91,74.31,1.0,1516.66
CUST_0954,4676.88,1766.76,1.0,1459.77,59.78,1.0,283.35,248.79,1.0,30.12,19.2,1.0,1486.49
CUST_0955,3152.77,1026.77,1.0,653.4,64.56,1.0,144.68,27.62,1.0,121.46,78.23,1.0,1463.33
CUST_0956,4657.4,1393.86,1.0,1060.72,527.92,1.0,238.57,63.03,1.0,80.56,79.34,1.0,2556.42
CUST_0957,3960.74,894.11,1.0,797.69,288.75,1.0,6.91,0.37,1.0,43.06,37.24,1.0,2556.97
CUST_0958,3079.6,355.61,1.0,1051.26,274.88,1.0,64.11,51.28,1.0,177.06,4.43,1.0,2107.41
CUST_0959,664.24,149.96,1.0,304.46,114.62,1.0,491.66,306.92,1.0,53.74,16.17,1.0,177.27
CUST_0960,975.77,140.06,1.0,581.97,41.6,1.0,11.14,9.42,1.0,156.69,55.73,1.0,394.58
CUST_0961,783.13,233.31,1.0,1339.85,550.12,1.0,381.28,76.34,1.0,168.12,23.93,1.0,-400.66
CUST_0962,1516.99,123.17,1.0,486.9,60.56,1.0,66.08,19.82,1.0,158.0,128.47,1.0,950.75
CUST_0963,642.42,103.38,1.0,165.98,43.76,1.0,373.82,74.4,1.0,61.95,48.33,1.0,131.02
CUST_0964,699.68,21.2,1.0,282.99,138.32,1.0,78.36,73.82,1.0,11.8,5.09,1.0,535.98
CUST_0965,2217.76,1035.0,1.0,1886.35,517.01,1.0,222.42,173.64,1.0,83.76,52.92,1.0,-204.52
CUST_0966,1554.73,713.45,1.0,459.91,146.53,1.0,150.58,43.88,1.0,61.65,5.09,1.0,477.76
CUST_0967,4826.17,719.47,1.0,1983.57,258.06,1.0,86.86,17.3,1.0,172.85,125.92,1.0,2358.56
CUST_0968,1122.16,426.95,1.0,1745.7,168.6,1.0,34.56,25.23,1.0,177.55,58.2,1.0,-771.87
CUST_0969,1832.41,875.39,1.0,977.47,118.52,1.0,233.63,94.3,1.0,57.29,50.71,1.0,-34.68
CUST_0970,4285.57,580.26,1.0,1294.33,482.36,1.0,201.25,26.81,1.0,47.58,0.48,1.0,2766.0
CUST_0971,1276.75,304.89,1.0,1357.51,58.1,1.0,498.83,45.46,1.0,97.9,39.05,1.0,-722.07
CUST_0972,2067.32,599.85,1.0,1528.85,489.87,1.0,449.58,218.05,1.0,165.34,143.86,1.0,218.44
CUST_0973,3115.76,501.22,1.0,1835.37,669.88,1.0,32.9,32.68,1.0,37.07,22.6,1.0,1463.3
CUST_0974,2473.99,42.85,1.0,1732.39,176.73,1.0,109.79,2.15,1.0,36.83,31.33,1.0,773.34
CUST_0975,2189.4,601.47,1.0,1992.05,921.96,1.0,207.37,107.19,1.0,35.4,34.87,1.0,418.19
CUST_0976,1140.5,309.24,1.0,1023.16,221.39,1.0,281.77,85.06,1.0,125.25,10.47,1.0,-52.44
CUST_0977,4028.97,786.17,1.0,1246.03,398.76,1.0,391.11,101.12,1.0,99.18,1.95,1.0,2202.77
CUST_0978,3234.83,111.58,1.0,1937.32,696.84,1.0,357.54,121.08,1.0,86.97,78.58,1.0,1654.7
CUST_0979,3942.96,1828.59,1.0,1269.48,404.82,1.0,10.35,6.73,1.0,140.0,134.95,1.0,1251.14
CUST_0980,4256.15,1353.86,1.0,1381.53,538.27,1.0,496.27,464.11,1.0,187.55,158.09,1.0,2056.33
CUST_0981,1064.51,42.71,1.0,1976.21,338.25,1.0,240.02,194.36,1.0,72.65,24.06,1.0,-613.23
CUST_0982,4777.84,470.88,1.0,1949.7,879.9,1.0,385.12,37.85,1.0,116.08,0.27,1.0,3005.7
CUST_0983,2978.64,249.8,1.0,1759.02,265.54,1.0,232.42,22.37,1.0,70.58,54.06,1.0,1041.83
CUST_0984,4349.93,1127.8,1.0,565.69,12.92,1.0,242.26,5.38,1.0,19.83,4.97,1.0,2447.34
CUST_0985,3437.25,1158.54,1.0,379.55,95.95,1.0,261.28,213.26,1.0,79.3,72.77,1.0,1953.62
CUST_0986,1154.05,534.19,1.0,876.59,163.54,1.0,66.09,26.32,1.0,179.33,78.28,1.0,-31.91
CUST_0987,2992.27,755.98,1.0,400.2,148.22,1.0,421.46,204.87,1.0,84.14,76.46,1.0,1775.4
CUST_0988,1347.16,389.64,1.0,1526.56,363.37,1.0,381.89,138.86,1.0,193.54,93.01,1.0,-348.17
CUST_0989,1086.24,519.71,1.0,148.45,70.09,1.0,464.55,292.58,1.0,83.78,55.34,1.0,344.64
CUST_0990,1951.24,477.45,1.0,1590.34,281.31,1.0,413.24,207.38,1.0,66.23,39.6,1.0,-14.47
CUST_0991,3837.74,1014.73,1.0,839.29,36.11,1.0,263.68,82.59,1.0,126.64,105.42,1.0,1859.96
CUST_0992,4209.45,1544.29,1.0,1974.85,773.79,1.0,275.89,264.48,1.0,117.06,94.91,1.0,1474.84
CUST_0993,4859.11,626.56,1.0,368.06,88.94,1.0,223.56,153.39,1.0,65.55,24.71,1.0,3924.1
CUST_0994,3343.95,791.72,1.0,1776.76,621.9,1.0,179.61,134.67,1.0,28.4,10.16,1.0,1370.67
CUST_0995,3490.27,1211.6,1.0,865.69,203.19,1.0,150.8,56.11,1.0,144.99,55.49,1.0,1610.98
CUST_0996,4331.25,752.5,1.0,618.01,190.94,1.0,359.91,259.54,1.0,109.95,109.35,1.0,3051.91
CUST_0997,2964.59,350.45,1.0,959.65,301.84,1.0,93.92,78.63,1.0,58.67,42.89,1.0,1956.82
CUST_0998,2874.04,1413.2,1.0,913.04,193.52,1.0,421.01,255.72,1.0,175.76,151.55,1.0,600.24
CUST_0999,1132.12,371.92,1.0,378.26,72.49,1.0,457.13,245.97,1.0,144.84,82.87,1.0,305.24
CUST_1000,4079.81,592.31,1.0,395.75,160.83,1.0,358.97,345.86,1.0,137.04,39.63,1.0,3336.88
